{"count": 154, "offset": 0, "pageSize": 100, "nextPage": "https://api.govinfo.gov/packages/CREC-2017-09-05/granules?offset=100&pageSize=100", "previousPage": null, "granules": [{"title": "CONFIRMATION", "granuleId": "CREC-2017-09-05-pt1-PgS4969", "granuleLink": "https://api.govinfo.gov/packages/CREC-2017-09-05/granules/CREC-2017-09-05-pt1-PgS4969/summary", "granuleClass": "SENATE"}, {"title": "NOMINATIONS", "granuleId": "CREC-2017-09-05-pt1-PgS4958-3", "granuleLink": "https://api.govinfo.gov/packages/CREC-2017-09-05/granules/CREC-2017-09-05-pt1-PgS4958-3/summary", "granuleClass": "SENATE"}, {"title": "ADJOURNMENT UNTIL 10 A.M. TOMORROW", "granuleId": "CREC-2017-09-05-pt1-PgS4958-2", "granuleLink": "https://api.govinfo.gov/packages/CREC-2017-09-05/granules/CREC-2017-09-05-pt1-PgS4958-2/summary", "granuleClass": "SENATE"}, {"title": "WORLD TRADE ORGANIZATION RULING", "granuleId": "CREC-2017-09-05-pt1-PgS4958", "granuleLink": "https://api.govinfo.gov/packages/CREC-2017-09-05/granules/CREC-2017-09-05-pt1-PgS4958/summary", "granuleClass": "SENATE"}, {"title": "DACA", "granuleId": "CREC-2017-09-05-pt1-PgS4956-6", "granuleLink": "https://api.govinfo.gov/packages/CREC-2017-09-05/granules/CREC-2017-09-05-pt1-PgS4956-6/summary", "granuleClass": "SENATE"}, {"title": "HURRICANE HARVEY", "granuleId": "CREC-2017-09-05-pt1-PgS4956-5", "granuleLink": "https://api.govinfo.gov/packages/CREC-2017-09-05/granules/CREC-2017-09-05-pt1-PgS4956-5/summary", "granuleClass": "SENATE"}, {"title": "ORDER FOR ADJOURNMENT", "granuleId": "CREC-2017-09-05-pt1-PgS4956-4", "granuleLink": "https://api.govinfo.gov/packages/CREC-2017-09-05/granules/CREC-2017-09-05-pt1-PgS4956-4/summary", "granuleClass": "SENATE"}, {"title": "ORDERS FOR WEDNESDAY, SEPTEMBER 6, 2017", "granuleId": "CREC-2017-09-05-pt1-PgS4956-3", "granuleLink": "https://api.govinfo.gov/packages/CREC-2017-09-05/granules/CREC-2017-09-05-pt1-PgS4956-3/summary", "granuleClass": "SENATE"}, {"title": "BANKRUPTCY JUDGESHIP ACT OF 2017", "granuleId": "CREC-2017-09-05-pt1-PgS4956-2", "granuleLink": "https://api.govinfo.gov/packages/CREC-2017-09-05/granules/CREC-2017-09-05-pt1-PgS4956-2/summary", "granuleClass": "SENATE"}, {"title": "FOREIGN TRAVEL FINANCIAL REPORTS", "granuleId": "CREC-2017-09-05-pt1-PgS4946", "granuleLink": "https://api.govinfo.gov/packages/CREC-2017-09-05/granules/CREC-2017-09-05-pt1-PgS4946/summary", "granuleClass": "SENATE"}, {"title": "TEXT OF AMENDMENTS", "granuleId": "CREC-2017-09-05-pt1-PgS4942-2", "granuleLink": "https://api.govinfo.gov/packages/CREC-2017-09-05/granules/CREC-2017-09-05-pt1-PgS4942-2/summary", "granuleClass": "SENATE"}, {"title": "AMENDMENTS SUBMITTED AND PROPOSED", "granuleId": "CREC-2017-09-05-pt1-PgS4942", "granuleLink": "https://api.govinfo.gov/packages/CREC-2017-09-05/granules/CREC-2017-09-05-pt1-PgS4942/summary", "granuleClass": "SENATE"}, {"title": "Introductory Statement on S. 1763", "granuleId": "CREC-2017-09-05-pt1-PgS4941-2", "granuleLink": "https://api.govinfo.gov/packages/CREC-2017-09-05/granules/CREC-2017-09-05-pt1-PgS4941-2/summary", "granuleClass": "SENATE"}, {"title": "STATEMENTS ON INTRODUCED BILLS AND JOINT RESOLUTIONS", "granuleId": "CREC-2017-09-05-pt1-PgS4941", "granuleLink": "https://api.govinfo.gov/packages/CREC-2017-09-05/granules/CREC-2017-09-05-pt1-PgS4941/summary", "granuleClass": "SENATE"}, {"title": "ADDITIONAL COSPONSORS", "granuleId": "CREC-2017-09-05-pt1-PgS4939-3", "granuleLink": "https://api.govinfo.gov/packages/CREC-2017-09-05/granules/CREC-2017-09-05-pt1-PgS4939-3/summary", "granuleClass": "SENATE"}, {"title": "INTRODUCTION OF BILLS AND JOINT RESOLUTIONS", "granuleId": "CREC-2017-09-05-pt1-PgS4939-2", "granuleLink": "https://api.govinfo.gov/packages/CREC-2017-09-05/granules/CREC-2017-09-05-pt1-PgS4939-2/summary", "granuleClass": "SENATE"}, {"title": "INTRODUCTION OF BILLS AND JOINT RESOLUTIONS DURING ADJOURNMENT", "granuleId": "CREC-2017-09-05-pt1-PgS4939", "granuleLink": "https://api.govinfo.gov/packages/CREC-2017-09-05/granules/CREC-2017-09-05-pt1-PgS4939/summary", "granuleClass": "SENATE"}, {"title": "EXECUTIVE REPORTS OF COMMITTEES", "granuleId": "CREC-2017-09-05-pt1-PgS4938-3", "granuleLink": "https://api.govinfo.gov/packages/CREC-2017-09-05/granules/CREC-2017-09-05-pt1-PgS4938-3/summary", "granuleClass": "SENATE"}, {"title": "REPORTS OF COMMITTEES", "granuleId": "CREC-2017-09-05-pt1-PgS4938-2", "granuleLink": "https://api.govinfo.gov/packages/CREC-2017-09-05/granules/CREC-2017-09-05-pt1-PgS4938-2/summary", "granuleClass": "SENATE"}, {"title": "REPORTS OF COMMITTEES DURING ADJOURNMENT", "granuleId": "CREC-2017-09-05-pt1-PgS4938", "granuleLink": "https://api.govinfo.gov/packages/CREC-2017-09-05/granules/CREC-2017-09-05-pt1-PgS4938/summary", "granuleClass": "SENATE"}, {"title": "EXECUTIVE AND OTHER COMMUNICATIONS", "granuleId": "CREC-2017-09-05-pt1-PgS4929-7", "granuleLink": "https://api.govinfo.gov/packages/CREC-2017-09-05/granules/CREC-2017-09-05-pt1-PgS4929-7/summary", "granuleClass": "SENATE"}, {"title": "ENROLLED BILL PRESENTED", "granuleId": "CREC-2017-09-05-pt1-PgS4929-6", "granuleLink": "https://api.govinfo.gov/packages/CREC-2017-09-05/granules/CREC-2017-09-05-pt1-PgS4929-6/summary", "granuleClass": "SENATE"}, {"title": "MEASURES PLACED ON THE CALENDAR", "granuleId": "CREC-2017-09-05-pt1-PgS4929-5", "granuleLink": "https://api.govinfo.gov/packages/CREC-2017-09-05/granules/CREC-2017-09-05-pt1-PgS4929-5/summary", "granuleClass": "SENATE"}, {"title": "MESSAGE FROM THE HOUSE", "granuleId": "CREC-2017-09-05-pt1-PgS4929-4", "granuleLink": "https://api.govinfo.gov/packages/CREC-2017-09-05/granules/CREC-2017-09-05-pt1-PgS4929-4/summary", "granuleClass": "SENATE"}, {"title": "MESSAGES FROM THE HOUSE RECEIVED DURING ADJOURNMENT", "granuleId": "CREC-2017-09-05-pt1-PgS4929-3", "granuleLink": "https://api.govinfo.gov/packages/CREC-2017-09-05/granules/CREC-2017-09-05-pt1-PgS4929-3/summary", "granuleClass": "SENATE"}, {"title": "EXECUTIVE MESSAGES REFERRED", "granuleId": "CREC-2017-09-05-pt1-PgS4929-2", "granuleLink": "https://api.govinfo.gov/packages/CREC-2017-09-05/granules/CREC-2017-09-05-pt1-PgS4929-2/summary", "granuleClass": "SENATE"}, {"title": "MESSAGES FROM THE PRESIDENT", "granuleId": "CREC-2017-09-05-pt1-PgS4929", "granuleLink": "https://api.govinfo.gov/packages/CREC-2017-09-05/granules/CREC-2017-09-05-pt1-PgS4929/summary", "granuleClass": "SENATE"}, {"title": "TRIBUTE TO SHANE DOAN", "granuleId": "CREC-2017-09-05-pt1-PgS4928-3", "granuleLink": "https://api.govinfo.gov/packages/CREC-2017-09-05/granules/CREC-2017-09-05-pt1-PgS4928-3/summary", "granuleClass": "SENATE"}, {"title": "TRIBUTE TO GAIL BATES", "granuleId": "CREC-2017-09-05-pt1-PgS4928-2", "granuleLink": "https://api.govinfo.gov/packages/CREC-2017-09-05/granules/CREC-2017-09-05-pt1-PgS4928-2/summary", "granuleClass": "SENATE"}, {"title": "TRIBUTE TO DR. JERRY C. DAVIS", "granuleId": "CREC-2017-09-05-pt1-PgS4928", "granuleLink": "https://api.govinfo.gov/packages/CREC-2017-09-05/granules/CREC-2017-09-05-pt1-PgS4928/summary", "granuleClass": "SENATE"}, {"title": "ADDITIONAL STATEMENTS", "granuleId": "CREC-2017-09-05-pt1-PgS4927-2", "granuleLink": "https://api.govinfo.gov/packages/CREC-2017-09-05/granules/CREC-2017-09-05-pt1-PgS4927-2/summary", "granuleClass": "SENATE"}, {"title": "TRIBUTE TO LIEUTENANT GENERAL FREDRICK B. ``BEN'' HODGES", "granuleId": "CREC-2017-09-05-pt1-PgS4927", "granuleLink": "https://api.govinfo.gov/packages/CREC-2017-09-05/granules/CREC-2017-09-05-pt1-PgS4927/summary", "granuleClass": "SENATE"}, {"title": "30TH ANNIVERSARY OF THE CARIBOU COMMUNITY-BASED OUTPATIENT CLINIC", "granuleId": "CREC-2017-09-05-pt1-PgS4926-2", "granuleLink": "https://api.govinfo.gov/packages/CREC-2017-09-05/granules/CREC-2017-09-05-pt1-PgS4926-2/summary", "granuleClass": "SENATE"}, {"title": "NATIONAL SENIOR CENTER MONTH", "granuleId": "CREC-2017-09-05-pt1-PgS4926", "granuleLink": "https://api.govinfo.gov/packages/CREC-2017-09-05/granules/CREC-2017-09-05-pt1-PgS4926/summary", "granuleClass": "SENATE"}, {"title": "ARMS SALES NOTIFICATION", "granuleId": "CREC-2017-09-05-pt1-PgS4923-2", "granuleLink": "https://api.govinfo.gov/packages/CREC-2017-09-05/granules/CREC-2017-09-05-pt1-PgS4923-2/summary", "granuleClass": "SENATE"}, {"title": "LEGISLATIVE SESSION", "granuleId": "CREC-2017-09-05-pt1-PgS4923", "granuleLink": "https://api.govinfo.gov/packages/CREC-2017-09-05/granules/CREC-2017-09-05-pt1-PgS4923/summary", "granuleClass": "SENATE"}, {"title": "Hurricane Harvey and the American Spirit (Executive Session)", "granuleId": "CREC-2017-09-05-pt1-PgS4922", "granuleLink": "https://api.govinfo.gov/packages/CREC-2017-09-05/granules/CREC-2017-09-05-pt1-PgS4922/summary", "granuleClass": "SENATE"}, {"title": "EXECUTIVE CALENDAR (Executive Session)", "granuleId": "CREC-2017-09-05-pt1-PgS4921", "granuleLink": "https://api.govinfo.gov/packages/CREC-2017-09-05/granules/CREC-2017-09-05-pt1-PgS4921/summary", "granuleClass": "SENATE"}, {"title": "DACA", "granuleId": "CREC-2017-09-05-pt1-PgS4920", "granuleLink": "https://api.govinfo.gov/packages/CREC-2017-09-05/granules/CREC-2017-09-05-pt1-PgS4920/summary", "granuleClass": "SENATE"}, {"title": "HURRICANE HARVEY", "granuleId": "CREC-2017-09-05-pt1-PgS4919-4", "granuleLink": "https://api.govinfo.gov/packages/CREC-2017-09-05/granules/CREC-2017-09-05-pt1-PgS4919-4/summary", "granuleClass": "SENATE"}, {"title": "H.J. RES. 76", "granuleId": "CREC-2017-09-05-pt1-PgS4919-3", "granuleLink": "https://api.govinfo.gov/packages/CREC-2017-09-05/granules/CREC-2017-09-05-pt1-PgS4919-3/summary", "granuleClass": "SENATE"}, {"title": "MORNING BUSINESS", "granuleId": "CREC-2017-09-05-pt1-PgS4919-2", "granuleLink": "https://api.govinfo.gov/packages/CREC-2017-09-05/granules/CREC-2017-09-05-pt1-PgS4919-2/summary", "granuleClass": "SENATE"}, {"title": "RESERVATION OF LEADER TIME", "granuleId": "CREC-2017-09-05-pt1-PgS4919", "granuleLink": "https://api.govinfo.gov/packages/CREC-2017-09-05/granules/CREC-2017-09-05-pt1-PgS4919/summary", "granuleClass": "SENATE"}, {"title": "HURRICANE HARVEY DISASTER RELIEF AND OTHER ISSUES BEFORE THE SENATE", "granuleId": "CREC-2017-09-05-pt1-PgS4918-2", "granuleLink": "https://api.govinfo.gov/packages/CREC-2017-09-05/granules/CREC-2017-09-05-pt1-PgS4918-2/summary", "granuleClass": "SENATE"}, {"title": "RECOGNITION OF THE MINORITY LEADER", "granuleId": "CREC-2017-09-05-pt1-PgS4918", "granuleLink": "https://api.govinfo.gov/packages/CREC-2017-09-05/granules/CREC-2017-09-05-pt1-PgS4918/summary", "granuleClass": "SENATE"}, {"title": "HURRICANE HARVEY DISASTER RELIEF AND OTHER ISSUES BEFORE THE SENATE", "granuleId": "CREC-2017-09-05-pt1-PgS4917-6", "granuleLink": "https://api.govinfo.gov/packages/CREC-2017-09-05/granules/CREC-2017-09-05-pt1-PgS4917-6/summary", "granuleClass": "SENATE"}, {"title": "MEASURE PLACED ON THE CALENDAR--S. 1757", "granuleId": "CREC-2017-09-05-pt1-PgS4917-5", "granuleLink": "https://api.govinfo.gov/packages/CREC-2017-09-05/granules/CREC-2017-09-05-pt1-PgS4917-5/summary", "granuleClass": "SENATE"}, {"title": "RECOGNITION OF THE MAJORITY LEADER", "granuleId": "CREC-2017-09-05-pt1-PgS4917-4", "granuleLink": "https://api.govinfo.gov/packages/CREC-2017-09-05/granules/CREC-2017-09-05-pt1-PgS4917-4/summary", "granuleClass": "SENATE"}, {"title": "PLEDGE OF ALLEGIANCE", "granuleId": "CREC-2017-09-05-pt1-PgS4917-3", "granuleLink": "https://api.govinfo.gov/packages/CREC-2017-09-05/granules/CREC-2017-09-05-pt1-PgS4917-3/summary", "granuleClass": "SENATE"}, {"title": "PRAYER", "granuleId": "CREC-2017-09-05-pt1-PgS4917-2", "granuleLink": "https://api.govinfo.gov/packages/CREC-2017-09-05/granules/CREC-2017-09-05-pt1-PgS4917-2/summary", "granuleClass": "SENATE"}, {"title": "Senate", "granuleId": "CREC-2017-09-05-pt1-PgS4917", "granuleLink": "https://api.govinfo.gov/packages/CREC-2017-09-05/granules/CREC-2017-09-05-pt1-PgS4917/summary", "granuleClass": "SENATE"}, {"title": "CONGRESSIONAL RECORD", "granuleId": "CREC-2017-09-05-pt1-PgS-FrontMatter", "granuleLink": "https://api.govinfo.gov/packages/CREC-2017-09-05/granules/CREC-2017-09-05-pt1-PgS-FrontMatter/summary", "granuleClass": "SENATE"}, {"title": "DELETIONS OF SPONSORS FROM PUBLIC BILLS AND RESOLUTIONS", "granuleId": "CREC-2017-09-05-pt1-PgH6655", "granuleLink": "https://api.govinfo.gov/packages/CREC-2017-09-05/granules/CREC-2017-09-05-pt1-PgH6655/summary", "granuleClass": "HOUSE"}, {"title": "Constitutional Authority Statement for H.R. 3678", "granuleId": "CREC-2017-09-05-pt1-PgH6654-9", "granuleLink": "https://api.govinfo.gov/packages/CREC-2017-09-05/granules/CREC-2017-09-05-pt1-PgH6654-9/summary", "granuleClass": "HOUSE"}, {"title": "Constitutional Authority Statement for H.R. 3677", "granuleId": "CREC-2017-09-05-pt1-PgH6654-8", "granuleLink": "https://api.govinfo.gov/packages/CREC-2017-09-05/granules/CREC-2017-09-05-pt1-PgH6654-8/summary", "granuleClass": "HOUSE"}, {"title": "Constitutional Authority Statement for H.R. 3676", "granuleId": "CREC-2017-09-05-pt1-PgH6654-7", "granuleLink": "https://api.govinfo.gov/packages/CREC-2017-09-05/granules/CREC-2017-09-05-pt1-PgH6654-7/summary", "granuleClass": "HOUSE"}, {"title": "Constitutional Authority Statement for H.R. 3675", "granuleId": "CREC-2017-09-05-pt1-PgH6654-6", "granuleLink": "https://api.govinfo.gov/packages/CREC-2017-09-05/granules/CREC-2017-09-05-pt1-PgH6654-6/summary", "granuleClass": "HOUSE"}, {"title": "Constitutional Authority Statement for H.R. 3674", "granuleId": "CREC-2017-09-05-pt1-PgH6654-5", "granuleLink": "https://api.govinfo.gov/packages/CREC-2017-09-05/granules/CREC-2017-09-05-pt1-PgH6654-5/summary", "granuleClass": "HOUSE"}, {"title": "Constitutional Authority Statement for H.R. 3673", "granuleId": "CREC-2017-09-05-pt1-PgH6654-4", "granuleLink": "https://api.govinfo.gov/packages/CREC-2017-09-05/granules/CREC-2017-09-05-pt1-PgH6654-4/summary", "granuleClass": "HOUSE"}, {"title": "Constitutional Authority Statement for H.R. 3672", "granuleId": "CREC-2017-09-05-pt1-PgH6654-3", "granuleLink": "https://api.govinfo.gov/packages/CREC-2017-09-05/granules/CREC-2017-09-05-pt1-PgH6654-3/summary", "granuleClass": "HOUSE"}, {"title": "Constitutional Authority Statement", "granuleId": "CREC-2017-09-05-pt1-PgH6654-2", "granuleLink": "https://api.govinfo.gov/packages/CREC-2017-09-05/granules/CREC-2017-09-05-pt1-PgH6654-2/summary", "granuleClass": "HOUSE"}, {"title": "ADDITIONAL SPONSORS", "granuleId": "CREC-2017-09-05-pt1-PgH6654-12", "granuleLink": "https://api.govinfo.gov/packages/CREC-2017-09-05/granules/CREC-2017-09-05-pt1-PgH6654-12/summary", "granuleClass": "HOUSE"}, {"title": "Constitutional Authority Statement for H.R. 3680", "granuleId": "CREC-2017-09-05-pt1-PgH6654-11", "granuleLink": "https://api.govinfo.gov/packages/CREC-2017-09-05/granules/CREC-2017-09-05-pt1-PgH6654-11/summary", "granuleClass": "HOUSE"}, {"title": "Constitutional Authority Statement for H.R. 3679", "granuleId": "CREC-2017-09-05-pt1-PgH6654-10", "granuleLink": "https://api.govinfo.gov/packages/CREC-2017-09-05/granules/CREC-2017-09-05-pt1-PgH6654-10/summary", "granuleClass": "HOUSE"}, {"title": "PUBLIC BILLS AND RESOLUTIONS", "granuleId": "CREC-2017-09-05-pt1-PgH6654", "granuleLink": "https://api.govinfo.gov/packages/CREC-2017-09-05/granules/CREC-2017-09-05-pt1-PgH6654/summary", "granuleClass": "HOUSE"}, {"title": "REPORTS OF COMMITTEES ON PUBLIC BILLS AND RESOLUTIONS", "granuleId": "CREC-2017-09-05-pt1-PgH6653", "granuleLink": "https://api.govinfo.gov/packages/CREC-2017-09-05/granules/CREC-2017-09-05-pt1-PgH6653/summary", "granuleClass": "HOUSE"}, {"title": "EXECUTIVE COMMUNICATIONS, ETC.", "granuleId": "CREC-2017-09-05-pt1-PgH6652-6", "granuleLink": "https://api.govinfo.gov/packages/CREC-2017-09-05/granules/CREC-2017-09-05-pt1-PgH6652-6/summary", "granuleClass": "HOUSE"}, {"title": "ADJOURNMENT", "granuleId": "CREC-2017-09-05-pt1-PgH6652-5", "granuleLink": "https://api.govinfo.gov/packages/CREC-2017-09-05/granules/CREC-2017-09-05-pt1-PgH6652-5/summary", "granuleClass": "HOUSE"}, {"title": "LEAVE OF ABSENCE", "granuleId": "CREC-2017-09-05-pt1-PgH6652-4", "granuleLink": "https://api.govinfo.gov/packages/CREC-2017-09-05/granules/CREC-2017-09-05-pt1-PgH6652-4/summary", "granuleClass": "HOUSE"}, {"title": "REPORT ON RESOLUTION PROVIDING FOR CONSIDERATION OF H.R. 3354, DEPARTMENT OF THE INTERIOR, ENVIRONMENT, AND RELATED AGENCIES APPROPRIATIONS ACT, 2018; PROVIDING FOR CONSIDERATION OF MOTIONS TO...", "granuleId": "CREC-2017-09-05-pt1-PgH6652-3", "granuleLink": "https://api.govinfo.gov/packages/CREC-2017-09-05/granules/CREC-2017-09-05-pt1-PgH6652-3/summary", "granuleClass": "HOUSE"}, {"title": "AFTER RECESS", "granuleId": "CREC-2017-09-05-pt1-PgH6652-2", "granuleLink": "https://api.govinfo.gov/packages/CREC-2017-09-05/granules/CREC-2017-09-05-pt1-PgH6652-2/summary", "granuleClass": "HOUSE"}, {"title": "RECESS", "granuleId": "CREC-2017-09-05-pt1-PgH6652", "granuleLink": "https://api.govinfo.gov/packages/CREC-2017-09-05/granules/CREC-2017-09-05-pt1-PgH6652/summary", "granuleClass": "HOUSE"}, {"title": "ISSUES OF THE DAY", "granuleId": "CREC-2017-09-05-pt1-PgH6648-2", "granuleLink": "https://api.govinfo.gov/packages/CREC-2017-09-05/granules/CREC-2017-09-05-pt1-PgH6648-2/summary", "granuleClass": "HOUSE"}, {"title": "DACA TERMINATION", "granuleId": "CREC-2017-09-05-pt1-PgH6648", "granuleLink": "https://api.govinfo.gov/packages/CREC-2017-09-05/granules/CREC-2017-09-05-pt1-PgH6648/summary", "granuleClass": "HOUSE"}, {"title": "LCWR ASSEMBLY STATEMENT ON U.S.-DPRK CRISIS", "granuleId": "CREC-2017-09-05-pt1-PgH6647-5", "granuleLink": "https://api.govinfo.gov/packages/CREC-2017-09-05/granules/CREC-2017-09-05-pt1-PgH6647-5/summary", "granuleClass": "HOUSE"}, {"title": "LET US VOTE ON DACA", "granuleId": "CREC-2017-09-05-pt1-PgH6647-4", "granuleLink": "https://api.govinfo.gov/packages/CREC-2017-09-05/granules/CREC-2017-09-05-pt1-PgH6647-4/summary", "granuleClass": "HOUSE"}, {"title": "FIRES IN OREGON", "granuleId": "CREC-2017-09-05-pt1-PgH6647-3", "granuleLink": "https://api.govinfo.gov/packages/CREC-2017-09-05/granules/CREC-2017-09-05-pt1-PgH6647-3/summary", "granuleClass": "HOUSE"}, {"title": "FIRES IN THE WEST", "granuleId": "CREC-2017-09-05-pt1-PgH6647-2", "granuleLink": "https://api.govinfo.gov/packages/CREC-2017-09-05/granules/CREC-2017-09-05-pt1-PgH6647-2/summary", "granuleClass": "HOUSE"}, {"title": "RECOGNIZING 150TH ANNIVERSARY OF SIXTH MOUNT ZION BAPTIST CHURCH", "granuleId": "CREC-2017-09-05-pt1-PgH6647", "granuleLink": "https://api.govinfo.gov/packages/CREC-2017-09-05/granules/CREC-2017-09-05-pt1-PgH6647/summary", "granuleClass": "HOUSE"}, {"title": "RECOGNIZING 75TH ANNIVERSARY OF WHITNEY POINT LAKE AND DAM", "granuleId": "CREC-2017-09-05-pt1-PgH6646-6", "granuleLink": "https://api.govinfo.gov/packages/CREC-2017-09-05/granules/CREC-2017-09-05-pt1-PgH6646-6/summary", "granuleClass": "HOUSE"}, {"title": "TERMINATING DEFERRED ACTION FOR CHILDHOOD ARRIVALS", "granuleId": "CREC-2017-09-05-pt1-PgH6646-5", "granuleLink": "https://api.govinfo.gov/packages/CREC-2017-09-05/granules/CREC-2017-09-05-pt1-PgH6646-5/summary", "granuleClass": "HOUSE"}, {"title": "HONORING SHERIFF THOMAS MILLS ON HIS RETIREMENT", "granuleId": "CREC-2017-09-05-pt1-PgH6646-4", "granuleLink": "https://api.govinfo.gov/packages/CREC-2017-09-05/granules/CREC-2017-09-05-pt1-PgH6646-4/summary", "granuleClass": "HOUSE"}, {"title": "PROTECTING DREAMERS", "granuleId": "CREC-2017-09-05-pt1-PgH6646-3", "granuleLink": "https://api.govinfo.gov/packages/CREC-2017-09-05/granules/CREC-2017-09-05-pt1-PgH6646-3/summary", "granuleClass": "HOUSE"}, {"title": "RECOGNIZING U.S. FOREST SERVICE CHIEF TIDWELL ON HIS RETIREMENT", "granuleId": "CREC-2017-09-05-pt1-PgH6646-2", "granuleLink": "https://api.govinfo.gov/packages/CREC-2017-09-05/granules/CREC-2017-09-05-pt1-PgH6646-2/summary", "granuleClass": "HOUSE"}, {"title": "ENDING THE DEFERRED ACTION FOR CHILDHOOD ARRIVALS PROGRAM", "granuleId": "CREC-2017-09-05-pt1-PgH6646", "granuleLink": "https://api.govinfo.gov/packages/CREC-2017-09-05/granules/CREC-2017-09-05-pt1-PgH6646/summary", "granuleClass": "HOUSE"}, {"title": "ANNUAL AUGUST BUS TOUR", "granuleId": "CREC-2017-09-05-pt1-PgH6645-5", "granuleLink": "https://api.govinfo.gov/packages/CREC-2017-09-05/granules/CREC-2017-09-05-pt1-PgH6645-5/summary", "granuleClass": "HOUSE"}, {"title": "HURRICANE HARVEY", "granuleId": "CREC-2017-09-05-pt1-PgH6645-4", "granuleLink": "https://api.govinfo.gov/packages/CREC-2017-09-05/granules/CREC-2017-09-05-pt1-PgH6645-4/summary", "granuleClass": "HOUSE"}, {"title": "SUPPORT DREAMERS", "granuleId": "CREC-2017-09-05-pt1-PgH6645-3", "granuleLink": "https://api.govinfo.gov/packages/CREC-2017-09-05/granules/CREC-2017-09-05-pt1-PgH6645-3/summary", "granuleClass": "HOUSE"}, {"title": "REMOVAL OF NAME OF MEMBER AS COSPONSOR OF H.R. 1697", "granuleId": "CREC-2017-09-05-pt1-PgH6645-2", "granuleLink": "https://api.govinfo.gov/packages/CREC-2017-09-05/granules/CREC-2017-09-05-pt1-PgH6645-2/summary", "granuleClass": "HOUSE"}, {"title": "HOUR OF MEETING ON TOMORROW", "granuleId": "CREC-2017-09-05-pt1-PgH6645", "granuleLink": "https://api.govinfo.gov/packages/CREC-2017-09-05/granules/CREC-2017-09-05-pt1-PgH6645/summary", "granuleClass": "HOUSE"}, {"title": "AUTHORIZING THE USE OF THE CAPITOL GROUNDS FOR THE DISTRICT OF COLUMBIA SPECIAL OLYMPICS LAW ENFORCEMENT TORCH RUN", "granuleId": "CREC-2017-09-05-pt1-PgH6644-2", "granuleLink": "https://api.govinfo.gov/packages/CREC-2017-09-05/granules/CREC-2017-09-05-pt1-PgH6644-2/summary", "granuleClass": "HOUSE"}, {"title": "DIRECTING THE SECURITIES AND EXCHANGE COMMISSION TO ALLOW CERTAIN ISSUERS TO BE EXEMPT FROM REGISTRATION REQUIREMENTS", "granuleId": "CREC-2017-09-05-pt1-PgH6644", "granuleLink": "https://api.govinfo.gov/packages/CREC-2017-09-05/granules/CREC-2017-09-05-pt1-PgH6644/summary", "granuleClass": "HOUSE"}, {"title": "MOMENT OF SILENCE HONORING SERVICEMEMBERS LOST ON THE USS ``JOHN S. McCAIN''", "granuleId": "CREC-2017-09-05-pt1-PgH6643-5", "granuleLink": "https://api.govinfo.gov/packages/CREC-2017-09-05/granules/CREC-2017-09-05-pt1-PgH6643-5/summary", "granuleClass": "HOUSE"}, {"title": "FINANCIAL STABILITY OVERSIGHT COUNCIL INSURANCE MEMBER CONTINUITY ACT", "granuleId": "CREC-2017-09-05-pt1-PgH6643-4", "granuleLink": "https://api.govinfo.gov/packages/CREC-2017-09-05/granules/CREC-2017-09-05-pt1-PgH6643-4/summary", "granuleClass": "HOUSE"}, {"title": "ANNOUNCEMENT BY THE SPEAKER PRO TEMPORE", "granuleId": "CREC-2017-09-05-pt1-PgH6643-3", "granuleLink": "https://api.govinfo.gov/packages/CREC-2017-09-05/granules/CREC-2017-09-05-pt1-PgH6643-3/summary", "granuleClass": "HOUSE"}, {"title": "AFTER RECESS", "granuleId": "CREC-2017-09-05-pt1-PgH6643-2", "granuleLink": "https://api.govinfo.gov/packages/CREC-2017-09-05/granules/CREC-2017-09-05-pt1-PgH6643-2/summary", "granuleClass": "HOUSE"}, {"title": "RECESS", "granuleId": "CREC-2017-09-05-pt1-PgH6643", "granuleLink": "https://api.govinfo.gov/packages/CREC-2017-09-05/granules/CREC-2017-09-05-pt1-PgH6643/summary", "granuleClass": "HOUSE"}, {"title": "DIRECTING THE SECURITIES AND EXCHANGE COMMISSION TO ALLOW CERTAIN ISSUERS TO BE EXEMPT FROM REGISTRATION REQUIREMENTS", "granuleId": "CREC-2017-09-05-pt1-PgH6641", "granuleLink": "https://api.govinfo.gov/packages/CREC-2017-09-05/granules/CREC-2017-09-05-pt1-PgH6641/summary", "granuleClass": "HOUSE"}, {"title": "BOB DOLE CONGRESSIONAL GOLD MEDAL ACT", "granuleId": "CREC-2017-09-05-pt1-PgH6638", "granuleLink": "https://api.govinfo.gov/packages/CREC-2017-09-05/granules/CREC-2017-09-05-pt1-PgH6638/summary", "granuleClass": "HOUSE"}, {"title": "FINANCIAL STABILITY OVERSIGHT COUNCIL INSURANCE MEMBER CONTINUITY ACT", "granuleId": "CREC-2017-09-05-pt1-PgH6637", "granuleLink": "https://api.govinfo.gov/packages/CREC-2017-09-05/granules/CREC-2017-09-05-pt1-PgH6637/summary", "granuleClass": "HOUSE"}]}