{"count": 87, "offset": 0, "pageSize": 100, "nextPage": null, "previousPage": null, "granules": [{"title": "DISCHARGE PETITIONS--ADDITIONS AND WITHDRAWALS", "granuleId": "CREC-2017-09-08-pt1-PgH7218-2", "granuleLink": "https://api.govinfo.gov/packages/CREC-2017-09-08/granules/CREC-2017-09-08-pt1-PgH7218-2/summary", "granuleClass": "HOUSE"}, {"title": "DISCHARGE PETITIONS", "granuleId": "CREC-2017-09-08-pt1-PgH7218", "granuleLink": "https://api.govinfo.gov/packages/CREC-2017-09-08/granules/CREC-2017-09-08-pt1-PgH7218/summary", "granuleClass": "HOUSE"}, {"title": "Constitutional Authority Statement for H.R. 3717", "granuleId": "CREC-2017-09-08-pt1-PgH7217-9", "granuleLink": "https://api.govinfo.gov/packages/CREC-2017-09-08/granules/CREC-2017-09-08-pt1-PgH7217-9/summary", "granuleClass": "HOUSE"}, {"title": "Constitutional Authority Statement for H.R. 3716", "granuleId": "CREC-2017-09-08-pt1-PgH7217-8", "granuleLink": "https://api.govinfo.gov/packages/CREC-2017-09-08/granules/CREC-2017-09-08-pt1-PgH7217-8/summary", "granuleClass": "HOUSE"}, {"title": "Constitutional Authority Statement for H.R. 3715", "granuleId": "CREC-2017-09-08-pt1-PgH7217-7", "granuleLink": "https://api.govinfo.gov/packages/CREC-2017-09-08/granules/CREC-2017-09-08-pt1-PgH7217-7/summary", "granuleClass": "HOUSE"}, {"title": "Constitutional Authority Statement for H.R. 3714", "granuleId": "CREC-2017-09-08-pt1-PgH7217-6", "granuleLink": "https://api.govinfo.gov/packages/CREC-2017-09-08/granules/CREC-2017-09-08-pt1-PgH7217-6/summary", "granuleClass": "HOUSE"}, {"title": "Constitutional Authority Statement for H.R. 3713", "granuleId": "CREC-2017-09-08-pt1-PgH7217-5", "granuleLink": "https://api.govinfo.gov/packages/CREC-2017-09-08/granules/CREC-2017-09-08-pt1-PgH7217-5/summary", "granuleClass": "HOUSE"}, {"title": "Constitutional Authority Statement for H.R. 3712", "granuleId": "CREC-2017-09-08-pt1-PgH7217-4", "granuleLink": "https://api.govinfo.gov/packages/CREC-2017-09-08/granules/CREC-2017-09-08-pt1-PgH7217-4/summary", "granuleClass": "HOUSE"}, {"title": "Constitutional Authority Statement for H.R. 3711", "granuleId": "CREC-2017-09-08-pt1-PgH7217-3", "granuleLink": "https://api.govinfo.gov/packages/CREC-2017-09-08/granules/CREC-2017-09-08-pt1-PgH7217-3/summary", "granuleClass": "HOUSE"}, {"title": "Constitutional Authority Statement", "granuleId": "CREC-2017-09-08-pt1-PgH7217-2", "granuleLink": "https://api.govinfo.gov/packages/CREC-2017-09-08/granules/CREC-2017-09-08-pt1-PgH7217-2/summary", "granuleClass": "HOUSE"}, {"title": "ADDITIONAL SPONSORS", "granuleId": "CREC-2017-09-08-pt1-PgH7217-18", "granuleLink": "https://api.govinfo.gov/packages/CREC-2017-09-08/granules/CREC-2017-09-08-pt1-PgH7217-18/summary", "granuleClass": "HOUSE"}, {"title": "Constitutional Authority Statement for H.R. 3725", "granuleId": "CREC-2017-09-08-pt1-PgH7217-17", "granuleLink": "https://api.govinfo.gov/packages/CREC-2017-09-08/granules/CREC-2017-09-08-pt1-PgH7217-17/summary", "granuleClass": "HOUSE"}, {"title": "Constitutional Authority Statement for H.R. 3724", "granuleId": "CREC-2017-09-08-pt1-PgH7217-16", "granuleLink": "https://api.govinfo.gov/packages/CREC-2017-09-08/granules/CREC-2017-09-08-pt1-PgH7217-16/summary", "granuleClass": "HOUSE"}, {"title": "Constitutional Authority Statement for H.R. 3723", "granuleId": "CREC-2017-09-08-pt1-PgH7217-15", "granuleLink": "https://api.govinfo.gov/packages/CREC-2017-09-08/granules/CREC-2017-09-08-pt1-PgH7217-15/summary", "granuleClass": "HOUSE"}, {"title": "Constitutional Authority Statement for H.R. 3722", "granuleId": "CREC-2017-09-08-pt1-PgH7217-14", "granuleLink": "https://api.govinfo.gov/packages/CREC-2017-09-08/granules/CREC-2017-09-08-pt1-PgH7217-14/summary", "granuleClass": "HOUSE"}, {"title": "Constitutional Authority Statement for H.R. 3721", "granuleId": "CREC-2017-09-08-pt1-PgH7217-13", "granuleLink": "https://api.govinfo.gov/packages/CREC-2017-09-08/granules/CREC-2017-09-08-pt1-PgH7217-13/summary", "granuleClass": "HOUSE"}, {"title": "Constitutional Authority Statement for H.R. 3720", "granuleId": "CREC-2017-09-08-pt1-PgH7217-12", "granuleLink": "https://api.govinfo.gov/packages/CREC-2017-09-08/granules/CREC-2017-09-08-pt1-PgH7217-12/summary", "granuleClass": "HOUSE"}, {"title": "Constitutional Authority Statement for H.R. 3719", "granuleId": "CREC-2017-09-08-pt1-PgH7217-11", "granuleLink": "https://api.govinfo.gov/packages/CREC-2017-09-08/granules/CREC-2017-09-08-pt1-PgH7217-11/summary", "granuleClass": "HOUSE"}, {"title": "Constitutional Authority Statement for H.R. 3718", "granuleId": "CREC-2017-09-08-pt1-PgH7217-10", "granuleLink": "https://api.govinfo.gov/packages/CREC-2017-09-08/granules/CREC-2017-09-08-pt1-PgH7217-10/summary", "granuleClass": "HOUSE"}, {"title": "MEMORIALS", "granuleId": "CREC-2017-09-08-pt1-PgH7217", "granuleLink": "https://api.govinfo.gov/packages/CREC-2017-09-08/granules/CREC-2017-09-08-pt1-PgH7217/summary", "granuleClass": "HOUSE"}, {"title": "PUBLIC BILLS AND RESOLUTIONS", "granuleId": "CREC-2017-09-08-pt1-PgH7216-3", "granuleLink": "https://api.govinfo.gov/packages/CREC-2017-09-08/granules/CREC-2017-09-08-pt1-PgH7216-3/summary", "granuleClass": "HOUSE"}, {"title": "REPORTS OF COMMITTEES ON PUBLIC BILLS AND RESOLUTIONS", "granuleId": "CREC-2017-09-08-pt1-PgH7216-2", "granuleLink": "https://api.govinfo.gov/packages/CREC-2017-09-08/granules/CREC-2017-09-08-pt1-PgH7216-2/summary", "granuleClass": "HOUSE"}, {"title": "EXECUTIVE COMMUNICATIONS, ETC.", "granuleId": "CREC-2017-09-08-pt1-PgH7216", "granuleLink": "https://api.govinfo.gov/packages/CREC-2017-09-08/granules/CREC-2017-09-08-pt1-PgH7216/summary", "granuleClass": "HOUSE"}, {"title": "ADJOURNMENT", "granuleId": "CREC-2017-09-08-pt1-PgH7215-2", "granuleLink": "https://api.govinfo.gov/packages/CREC-2017-09-08/granules/CREC-2017-09-08-pt1-PgH7215-2/summary", "granuleClass": "HOUSE"}, {"title": "ENROLLED BILL SIGNED", "granuleId": "CREC-2017-09-08-pt1-PgH7215", "granuleLink": "https://api.govinfo.gov/packages/CREC-2017-09-08/granules/CREC-2017-09-08-pt1-PgH7215/summary", "granuleClass": "HOUSE"}, {"title": "PUBLICATION OF BUDGETARY MATERIAL", "granuleId": "CREC-2017-09-08-pt1-PgH7213-2", "granuleLink": "https://api.govinfo.gov/packages/CREC-2017-09-08/granules/CREC-2017-09-08-pt1-PgH7213-2/summary", "granuleClass": "HOUSE"}, {"title": "LEAVE OF ABSENCE", "granuleId": "CREC-2017-09-08-pt1-PgH7213", "granuleLink": "https://api.govinfo.gov/packages/CREC-2017-09-08/granules/CREC-2017-09-08-pt1-PgH7213/summary", "granuleClass": "HOUSE"}, {"title": "AMERICANS HELPING AMERICANS IN TIME OF DISASTER", "granuleId": "CREC-2017-09-08-pt1-PgH7208-3", "granuleLink": "https://api.govinfo.gov/packages/CREC-2017-09-08/granules/CREC-2017-09-08-pt1-PgH7208-3/summary", "granuleClass": "HOUSE"}, {"title": "NEIL NORMAN RECEIVES NATIONAL SOCIETY OF PROFESSIONAL ENGINEERS AWARD", "granuleId": "CREC-2017-09-08-pt1-PgH7208-2", "granuleLink": "https://api.govinfo.gov/packages/CREC-2017-09-08/granules/CREC-2017-09-08-pt1-PgH7208-2/summary", "granuleClass": "HOUSE"}, {"title": "RECOGNIZING THE SUCCESS OF THE FOOD INSECURITY NUTRITION INCENTIVE PROGRAM", "granuleId": "CREC-2017-09-08-pt1-PgH7208", "granuleLink": "https://api.govinfo.gov/packages/CREC-2017-09-08/granules/CREC-2017-09-08-pt1-PgH7208/summary", "granuleClass": "HOUSE"}, {"title": "DEPARTMENT OF THE INTERIOR, ENVIRONMENT, AND RELATED AGENCIES APPROPRIATIONS ACT, 2018", "granuleId": "CREC-2017-09-08-pt1-PgH7201-2", "granuleLink": "https://api.govinfo.gov/packages/CREC-2017-09-08/granules/CREC-2017-09-08-pt1-PgH7201-2/summary", "granuleClass": "HOUSE"}, {"title": "PRIVILEGED REPORT ON RESOLUTION OF INQUIRY TO THE PRESIDENT", "granuleId": "CREC-2017-09-08-pt1-PgH7201", "granuleLink": "https://api.govinfo.gov/packages/CREC-2017-09-08/granules/CREC-2017-09-08-pt1-PgH7201/summary", "granuleClass": "HOUSE"}, {"title": "PROVIDING FOR A CORRECTION IN THE ENROLLMENT OF H.R. 601", "granuleId": "CREC-2017-09-08-pt1-PgH7200-2", "granuleLink": "https://api.govinfo.gov/packages/CREC-2017-09-08/granules/CREC-2017-09-08-pt1-PgH7200-2/summary", "granuleClass": "HOUSE"}, {"title": "ADJOURNMENT FROM FRIDAY, SEPTEMBER 8, 2017, TO MONDAY, SEPTEMBER 11, 2017", "granuleId": "CREC-2017-09-08-pt1-PgH7200", "granuleLink": "https://api.govinfo.gov/packages/CREC-2017-09-08/granules/CREC-2017-09-08-pt1-PgH7200/summary", "granuleClass": "HOUSE"}, {"title": "DEPARTMENT OF THE INTERIOR, ENVIRONMENT, AND RELATED AGENCIES APPROPRIATIONS ACT, 2018", "granuleId": "CREC-2017-09-08-pt1-PgH7197-2", "granuleLink": "https://api.govinfo.gov/packages/CREC-2017-09-08/granules/CREC-2017-09-08-pt1-PgH7197-2/summary", "granuleClass": "HOUSE"}, {"title": "THE JOURNAL", "granuleId": "CREC-2017-09-08-pt1-PgH7197", "granuleLink": "https://api.govinfo.gov/packages/CREC-2017-09-08/granules/CREC-2017-09-08-pt1-PgH7197/summary", "granuleClass": "HOUSE"}, {"title": "REINFORCING EDUCATION ACCOUNTABILITY IN DEVELOPMENT ACT", "granuleId": "CREC-2017-09-08-pt1-PgH7191", "granuleLink": "https://api.govinfo.gov/packages/CREC-2017-09-08/granules/CREC-2017-09-08-pt1-PgH7191/summary", "granuleClass": "HOUSE"}, {"title": "PROVIDING FOR CONSIDERATION OF SENATE AMENDMENT TO HOUSE AMENDMENT TO SENATE AMENDMENT TO H.R. 601, REINFORCING EDUCATION ACCOUNTABILITY IN DEVELOPMENT ACT", "granuleId": "CREC-2017-09-08-pt1-PgH7187-4", "granuleLink": "https://api.govinfo.gov/packages/CREC-2017-09-08/granules/CREC-2017-09-08-pt1-PgH7187-4/summary", "granuleClass": "HOUSE"}, {"title": "JUNE TRADE DEFICIT/TRUMP SCORECARD", "granuleId": "CREC-2017-09-08-pt1-PgH7187-3", "granuleLink": "https://api.govinfo.gov/packages/CREC-2017-09-08/granules/CREC-2017-09-08-pt1-PgH7187-3/summary", "granuleClass": "HOUSE"}, {"title": "IMMIGRATION BILL ENDORSED", "granuleId": "CREC-2017-09-08-pt1-PgH7187-2", "granuleLink": "https://api.govinfo.gov/packages/CREC-2017-09-08/granules/CREC-2017-09-08-pt1-PgH7187-2/summary", "granuleClass": "HOUSE"}, {"title": "POSTAL SERVICE NEEDS TO BE RESPONSIVE", "granuleId": "CREC-2017-09-08-pt1-PgH7187", "granuleLink": "https://api.govinfo.gov/packages/CREC-2017-09-08/granules/CREC-2017-09-08-pt1-PgH7187/summary", "granuleClass": "HOUSE"}, {"title": "CONGRATULATING LOWER BUCKS CAMPUS ON 10TH ANNIVERSARY", "granuleId": "CREC-2017-09-08-pt1-PgH7186-5", "granuleLink": "https://api.govinfo.gov/packages/CREC-2017-09-08/granules/CREC-2017-09-08-pt1-PgH7186-5/summary", "granuleClass": "HOUSE"}, {"title": "DACA", "granuleId": "CREC-2017-09-08-pt1-PgH7186-4", "granuleLink": "https://api.govinfo.gov/packages/CREC-2017-09-08/granules/CREC-2017-09-08-pt1-PgH7186-4/summary", "granuleClass": "HOUSE"}, {"title": "CONGRATULATING BERRY GLOBAL ON 50TH ANNIVERSARY", "granuleId": "CREC-2017-09-08-pt1-PgH7186-3", "granuleLink": "https://api.govinfo.gov/packages/CREC-2017-09-08/granules/CREC-2017-09-08-pt1-PgH7186-3/summary", "granuleClass": "HOUSE"}, {"title": "LET'S HAVE AN UP OR DOWN VOTE ON THE DREAM ACT", "granuleId": "CREC-2017-09-08-pt1-PgH7186-2", "granuleLink": "https://api.govinfo.gov/packages/CREC-2017-09-08/granules/CREC-2017-09-08-pt1-PgH7186-2/summary", "granuleClass": "HOUSE"}, {"title": "APPRECIATING BEAUTIFUL GUATEMALA", "granuleId": "CREC-2017-09-08-pt1-PgH7186", "granuleLink": "https://api.govinfo.gov/packages/CREC-2017-09-08/granules/CREC-2017-09-08-pt1-PgH7186/summary", "granuleClass": "HOUSE"}, {"title": "RECOGNIZING MAJOR GENERAL TIMOTHY LOWENBERG", "granuleId": "CREC-2017-09-08-pt1-PgH7185-7", "granuleLink": "https://api.govinfo.gov/packages/CREC-2017-09-08/granules/CREC-2017-09-08-pt1-PgH7185-7/summary", "granuleClass": "HOUSE"}, {"title": "CONGRATULATING ALLI RAGAN", "granuleId": "CREC-2017-09-08-pt1-PgH7185-6", "granuleLink": "https://api.govinfo.gov/packages/CREC-2017-09-08/granules/CREC-2017-09-08-pt1-PgH7185-6/summary", "granuleClass": "HOUSE"}, {"title": "ANNOUNCEMENT BY THE SPEAKER", "granuleId": "CREC-2017-09-08-pt1-PgH7185-5", "granuleLink": "https://api.govinfo.gov/packages/CREC-2017-09-08/granules/CREC-2017-09-08-pt1-PgH7185-5/summary", "granuleClass": "HOUSE"}, {"title": "PLEDGE OF ALLEGIANCE", "granuleId": "CREC-2017-09-08-pt1-PgH7185-4", "granuleLink": "https://api.govinfo.gov/packages/CREC-2017-09-08/granules/CREC-2017-09-08-pt1-PgH7185-4/summary", "granuleClass": "HOUSE"}, {"title": "THE JOURNAL", "granuleId": "CREC-2017-09-08-pt1-PgH7185-3", "granuleLink": "https://api.govinfo.gov/packages/CREC-2017-09-08/granules/CREC-2017-09-08-pt1-PgH7185-3/summary", "granuleClass": "HOUSE"}, {"title": "PRAYER", "granuleId": "CREC-2017-09-08-pt1-PgH7185-2", "granuleLink": "https://api.govinfo.gov/packages/CREC-2017-09-08/granules/CREC-2017-09-08-pt1-PgH7185-2/summary", "granuleClass": "HOUSE"}, {"title": "Senate", "granuleId": "CREC-2017-09-08-pt1-PgH7185", "granuleLink": "https://api.govinfo.gov/packages/CREC-2017-09-08/granules/CREC-2017-09-08-pt1-PgH7185/summary", "granuleClass": "HOUSE"}, {"title": "RECOGNIZING JESSICA STELLABOTTE FOR RECEIVING A PERSONAL ACHIEVEMENT AWARD FROM THE HEALTHSOUTH REHABILITATION HOSPITAL OF ALTOONA", "granuleId": "CREC-2017-09-08-pt1-PgE1191-2", "granuleLink": "https://api.govinfo.gov/packages/CREC-2017-09-08/granules/CREC-2017-09-08-pt1-PgE1191-2/summary", "granuleClass": "EXTENSIONS"}, {"title": "RETIREMENT OF JUDGE WILLIAM E. ALEXA", "granuleId": "CREC-2017-09-08-pt1-PgE1191", "granuleLink": "https://api.govinfo.gov/packages/CREC-2017-09-08/granules/CREC-2017-09-08-pt1-PgE1191/summary", "granuleClass": "EXTENSIONS"}, {"title": "JOE AND MARTHA McCAFFREY HISTORIC TROLLEY BUILDING", "granuleId": "CREC-2017-09-08-pt1-PgE1190-5", "granuleLink": "https://api.govinfo.gov/packages/CREC-2017-09-08/granules/CREC-2017-09-08-pt1-PgE1190-5/summary", "granuleClass": "EXTENSIONS"}, {"title": "HONORING CITY OF CENTENNIAL'S MAYOR CATHY NOON", "granuleId": "CREC-2017-09-08-pt1-PgE1190-4", "granuleLink": "https://api.govinfo.gov/packages/CREC-2017-09-08/granules/CREC-2017-09-08-pt1-PgE1190-4/summary", "granuleClass": "EXTENSIONS"}, {"title": "RECOGNIZING RON CLAWSON FOR RECEIVING A PERSONAL ACHIEVEMENT AWARD FROM THE HEALTHSOUTH REHABILITATION HOSPITAL OF ALTOONA", "granuleId": "CREC-2017-09-08-pt1-PgE1190-3", "granuleLink": "https://api.govinfo.gov/packages/CREC-2017-09-08/granules/CREC-2017-09-08-pt1-PgE1190-3/summary", "granuleClass": "EXTENSIONS"}, {"title": "HONORING GEORGE ALTAMURA", "granuleId": "CREC-2017-09-08-pt1-PgE1190-2", "granuleLink": "https://api.govinfo.gov/packages/CREC-2017-09-08/granules/CREC-2017-09-08-pt1-PgE1190-2/summary", "granuleClass": "EXTENSIONS"}, {"title": "HONOR FLIGHT OF EASTERN OREGON", "granuleId": "CREC-2017-09-08-pt1-PgE1190", "granuleLink": "https://api.govinfo.gov/packages/CREC-2017-09-08/granules/CREC-2017-09-08-pt1-PgE1190/summary", "granuleClass": "EXTENSIONS"}, {"title": "SAFELY ENSURING LIVES FUTURE DEPLOYMENT AND RESEARCH IN VEHICLE EVOLUTION ACT", "granuleId": "CREC-2017-09-08-pt1-PgE1189-4", "granuleLink": "https://api.govinfo.gov/packages/CREC-2017-09-08/granules/CREC-2017-09-08-pt1-PgE1189-4/summary", "granuleClass": "EXTENSIONS"}, {"title": "HONORING JUDGE GREGORY G. MALLON", "granuleId": "CREC-2017-09-08-pt1-PgE1189-3", "granuleLink": "https://api.govinfo.gov/packages/CREC-2017-09-08/granules/CREC-2017-09-08-pt1-PgE1189-3/summary", "granuleClass": "EXTENSIONS"}, {"title": "CONGRATULATIONS TO MARK TWAIN ELEMENTARY SCHOOL AND MS. LAUREL ROSENTHAL", "granuleId": "CREC-2017-09-08-pt1-PgE1189-2", "granuleLink": "https://api.govinfo.gov/packages/CREC-2017-09-08/granules/CREC-2017-09-08-pt1-PgE1189-2/summary", "granuleClass": "EXTENSIONS"}, {"title": "RECOGNIZING KIM EMES FOR RECEIVING A PERSONAL ACHIEVEMENT AWARD FROM THE HEALTHSOUTH REHABILITATION HOSPITAL OF ALTOONA", "granuleId": "CREC-2017-09-08-pt1-PgE1189", "granuleLink": "https://api.govinfo.gov/packages/CREC-2017-09-08/granules/CREC-2017-09-08-pt1-PgE1189/summary", "granuleClass": "EXTENSIONS"}, {"title": "RECOGNIZING THE SESQUICENTENNIAL ANNIVERSARY OF KESLER TEMPLE AFRICAN METHODIST EPISCOPAL ZION CHURCH", "granuleId": "CREC-2017-09-08-pt1-PgE1188-4", "granuleLink": "https://api.govinfo.gov/packages/CREC-2017-09-08/granules/CREC-2017-09-08-pt1-PgE1188-4/summary", "granuleClass": "EXTENSIONS"}, {"title": "HONORING ANNUAL APPRECIATION BANQUET AT SRI VENKATES- WARA SWAMI (BALAJI) TEMPLE ON SEPTEMBER 9TH", "granuleId": "CREC-2017-09-08-pt1-PgE1188-3", "granuleLink": "https://api.govinfo.gov/packages/CREC-2017-09-08/granules/CREC-2017-09-08-pt1-PgE1188-3/summary", "granuleClass": "EXTENSIONS"}, {"title": "IN RECOGNITION OF THE SACRAMENTO BEE'S 160TH ANNIVERSARY", "granuleId": "CREC-2017-09-08-pt1-PgE1188-2", "granuleLink": "https://api.govinfo.gov/packages/CREC-2017-09-08/granules/CREC-2017-09-08-pt1-PgE1188-2/summary", "granuleClass": "EXTENSIONS"}, {"title": "HONORING THE LIFE OF SHEILA BAKER", "granuleId": "CREC-2017-09-08-pt1-PgE1188", "granuleLink": "https://api.govinfo.gov/packages/CREC-2017-09-08/granules/CREC-2017-09-08-pt1-PgE1188/summary", "granuleClass": "EXTENSIONS"}, {"title": "RECOGNIZING THE CONTRIBUTION OF THE JO ANN EMERSON CONGRESSIONAL PAPERS TO THE KENT LIBRARY SPECIAL COLLECTIONS AND ARCHIVES AT SOUTHEAST MISSOURI STATE UNIVERSITY", "granuleId": "CREC-2017-09-08-pt1-PgE1187-5", "granuleLink": "https://api.govinfo.gov/packages/CREC-2017-09-08/granules/CREC-2017-09-08-pt1-PgE1187-5/summary", "granuleClass": "EXTENSIONS"}, {"title": "CONGRATULATING THE FAYETTE COUNTY COMMUNITY ACTION AGENCY FOR 50 YEARS OF SERVICE", "granuleId": "CREC-2017-09-08-pt1-PgE1187-4", "granuleLink": "https://api.govinfo.gov/packages/CREC-2017-09-08/granules/CREC-2017-09-08-pt1-PgE1187-4/summary", "granuleClass": "EXTENSIONS"}, {"title": "HONORING JEFF ROSSER UPON HIS RETIREMENT FROM RAYCOM MEDIA GROUP", "granuleId": "CREC-2017-09-08-pt1-PgE1187-3", "granuleLink": "https://api.govinfo.gov/packages/CREC-2017-09-08/granules/CREC-2017-09-08-pt1-PgE1187-3/summary", "granuleClass": "EXTENSIONS"}, {"title": "CONGRATULATING AMBASSADOR DANIEL MULHALL", "granuleId": "CREC-2017-09-08-pt1-PgE1187-2", "granuleLink": "https://api.govinfo.gov/packages/CREC-2017-09-08/granules/CREC-2017-09-08-pt1-PgE1187-2/summary", "granuleClass": "EXTENSIONS"}, {"title": "RECOGNIZING ANTHONY BATTISTA", "granuleId": "CREC-2017-09-08-pt1-PgE1187", "granuleLink": "https://api.govinfo.gov/packages/CREC-2017-09-08/granules/CREC-2017-09-08-pt1-PgE1187/summary", "granuleClass": "EXTENSIONS"}, {"title": "HONORING J. MICHAEL ANDERSON UPON RECEIPT OF THE 2017 ZUNIC AWARD", "granuleId": "CREC-2017-09-08-pt1-PgE1186-5", "granuleLink": "https://api.govinfo.gov/packages/CREC-2017-09-08/granules/CREC-2017-09-08-pt1-PgE1186-5/summary", "granuleClass": "EXTENSIONS"}, {"title": "IN RECOGNITION OF THE 70TH ANNIVERSARY OF THE OPTIMIST CLUB OF GREEN BAY", "granuleId": "CREC-2017-09-08-pt1-PgE1186-4", "granuleLink": "https://api.govinfo.gov/packages/CREC-2017-09-08/granules/CREC-2017-09-08-pt1-PgE1186-4/summary", "granuleClass": "EXTENSIONS"}, {"title": "RECOGNIZING SHELLY KERCHNER FOR RECEIVING A PERSONAL ACHIEVEMENT AWARD FROM THE HEALTHSOUTH REHABILITATION HOSPITAL OF ALTOONA", "granuleId": "CREC-2017-09-08-pt1-PgE1186-3", "granuleLink": "https://api.govinfo.gov/packages/CREC-2017-09-08/granules/CREC-2017-09-08-pt1-PgE1186-3/summary", "granuleClass": "EXTENSIONS"}, {"title": "HONORING THE 40TH ANNIVERSARY OF THE FLORENCE DOUGLAS CENTER", "granuleId": "CREC-2017-09-08-pt1-PgE1186-2", "granuleLink": "https://api.govinfo.gov/packages/CREC-2017-09-08/granules/CREC-2017-09-08-pt1-PgE1186-2/summary", "granuleClass": "EXTENSIONS"}, {"title": "TRIBUTE TO BRAD PIERCE", "granuleId": "CREC-2017-09-08-pt1-PgE1186", "granuleLink": "https://api.govinfo.gov/packages/CREC-2017-09-08/granules/CREC-2017-09-08-pt1-PgE1186/summary", "granuleClass": "EXTENSIONS"}, {"title": "RECOGNIZING NORTHWEST INDIANA'S NEW CITIZENS", "granuleId": "CREC-2017-09-08-pt1-PgE1185-4", "granuleLink": "https://api.govinfo.gov/packages/CREC-2017-09-08/granules/CREC-2017-09-08-pt1-PgE1185-4/summary", "granuleClass": "EXTENSIONS"}, {"title": "HONORING THE LIFE AND LEGACY OF LUCIANO `LUCKY' VARELA", "granuleId": "CREC-2017-09-08-pt1-PgE1185-3", "granuleLink": "https://api.govinfo.gov/packages/CREC-2017-09-08/granules/CREC-2017-09-08-pt1-PgE1185-3/summary", "granuleClass": "EXTENSIONS"}, {"title": "RECOGNIZING DEBBIE BYLER FOR RECEIVING THE PATIENT ADVOCATE AWARD FROM THE HEALTHSOUTH REHABILITATION HOSPITAL OF ALTOONA", "granuleId": "CREC-2017-09-08-pt1-PgE1185-2", "granuleLink": "https://api.govinfo.gov/packages/CREC-2017-09-08/granules/CREC-2017-09-08-pt1-PgE1185-2/summary", "granuleClass": "EXTENSIONS"}, {"title": "Daily Digest/Next Meeting of the SENATE + Next Meeting of the HOUSE OF REPRESENTATIVES + Other End Matter", "granuleId": "CREC-2017-09-08-pt1-PgD947-3", "granuleLink": "https://api.govinfo.gov/packages/CREC-2017-09-08/granules/CREC-2017-09-08-pt1-PgD947-3/summary", "granuleClass": "DAILYDIGEST"}, {"title": "Daily Digest/COMMITTEE MEETINGS FOR 2017-09-11", "granuleId": "CREC-2017-09-08-pt1-PgD947-2", "granuleLink": "https://api.govinfo.gov/packages/CREC-2017-09-08/granules/CREC-2017-09-08-pt1-PgD947-2/summary", "granuleClass": "DAILYDIGEST"}, {"title": "Daily Digest/House Committee Meetings", "granuleId": "CREC-2017-09-08-pt1-PgD947", "granuleLink": "https://api.govinfo.gov/packages/CREC-2017-09-08/granules/CREC-2017-09-08-pt1-PgD947/summary", "granuleClass": "DAILYDIGEST"}, {"title": "Daily Digest/House of Representatives", "granuleId": "CREC-2017-09-08-pt1-PgD946-3", "granuleLink": "https://api.govinfo.gov/packages/CREC-2017-09-08/granules/CREC-2017-09-08-pt1-PgD946-3/summary", "granuleClass": "DAILYDIGEST"}, {"title": "Daily Digest/Senate Committee Meetings", "granuleId": "CREC-2017-09-08-pt1-PgD946-2", "granuleLink": "https://api.govinfo.gov/packages/CREC-2017-09-08/granules/CREC-2017-09-08-pt1-PgD946-2/summary", "granuleClass": "DAILYDIGEST"}, {"title": "Daily Digest/Senate", "granuleId": "CREC-2017-09-08-pt1-PgD946", "granuleLink": "https://api.govinfo.gov/packages/CREC-2017-09-08/granules/CREC-2017-09-08-pt1-PgD946/summary", "granuleClass": "DAILYDIGEST"}]}