{"count": 155, "offset": 0, "pageSize": 100, "nextPage": "https://api.govinfo.gov/packages/CREC-2017-09-06/granules?offset=100&pageSize=100", "previousPage": null, "granules": [{"title": "NOMINATIONS", "granuleId": "CREC-2017-09-06-pt1-PgS5021-3", "granuleLink": "https://api.govinfo.gov/packages/CREC-2017-09-06/granules/CREC-2017-09-06-pt1-PgS5021-3/summary", "granuleClass": "SENATE"}, {"title": "ADJOURNMENT UNTIL 10 A.M. TOMORROW", "granuleId": "CREC-2017-09-06-pt1-PgS5021-2", "granuleLink": "https://api.govinfo.gov/packages/CREC-2017-09-06/granules/CREC-2017-09-06-pt1-PgS5021-2/summary", "granuleClass": "SENATE"}, {"title": "ORDERS FOR THURSDAY, SEPTEMBER 7, 2017", "granuleId": "CREC-2017-09-06-pt1-PgS5021", "granuleLink": "https://api.govinfo.gov/packages/CREC-2017-09-06/granules/CREC-2017-09-06-pt1-PgS5021/summary", "granuleClass": "SENATE"}, {"title": "REINFORCING EDUCATION ACCOUNTABILITY IN DEVELOPMENT ACT", "granuleId": "CREC-2017-09-06-pt1-PgS5020-3", "granuleLink": "https://api.govinfo.gov/packages/CREC-2017-09-06/granules/CREC-2017-09-06-pt1-PgS5020-3/summary", "granuleClass": "SENATE"}, {"title": "JOHN F. KENNEDY CENTER REAUTHORIZATION ACT OF 2017", "granuleId": "CREC-2017-09-06-pt1-PgS5020-2", "granuleLink": "https://api.govinfo.gov/packages/CREC-2017-09-06/granules/CREC-2017-09-06-pt1-PgS5020-2/summary", "granuleClass": "SENATE"}, {"title": "SOCIAL SECURITY NUMBER FRAUD PREVENTION ACT OF 2017", "granuleId": "CREC-2017-09-06-pt1-PgS5020", "granuleLink": "https://api.govinfo.gov/packages/CREC-2017-09-06/granules/CREC-2017-09-06-pt1-PgS5020/summary", "granuleClass": "SENATE"}, {"title": "NATIONAL CLINICAL CARE COMMISSION ACT", "granuleId": "CREC-2017-09-06-pt1-PgS5019", "granuleLink": "https://api.govinfo.gov/packages/CREC-2017-09-06/granules/CREC-2017-09-06-pt1-PgS5019/summary", "granuleClass": "SENATE"}, {"title": "STRENGTHENING MOSQUITO ABATEMENT FOR SAFETY AND HEALTH ACT", "granuleId": "CREC-2017-09-06-pt1-PgS5018", "granuleLink": "https://api.govinfo.gov/packages/CREC-2017-09-06/granules/CREC-2017-09-06-pt1-PgS5018/summary", "granuleClass": "SENATE"}, {"title": "EARLY HEARING DETECTION AND INTERVENTION ACT OF 2017", "granuleId": "CREC-2017-09-06-pt1-PgS5017-2", "granuleLink": "https://api.govinfo.gov/packages/CREC-2017-09-06/granules/CREC-2017-09-06-pt1-PgS5017-2/summary", "granuleClass": "SENATE"}, {"title": "HONORING THE SERVICE TO UNITED STATES ARMED FORCES PROVIDED BY MILITARY WORKING DOGS AND CONTRACT WORKING DOGS", "granuleId": "CREC-2017-09-06-pt1-PgS5017", "granuleLink": "https://api.govinfo.gov/packages/CREC-2017-09-06/granules/CREC-2017-09-06-pt1-PgS5017/summary", "granuleClass": "SENATE"}, {"title": "AUTHORIZING USE OF EMANCIPATION HALL", "granuleId": "CREC-2017-09-06-pt1-PgS5016-3", "granuleLink": "https://api.govinfo.gov/packages/CREC-2017-09-06/granules/CREC-2017-09-06-pt1-PgS5016-3/summary", "granuleClass": "SENATE"}, {"title": "MEASURE READ THE FIRST TIME--S.J. RES. 49", "granuleId": "CREC-2017-09-06-pt1-PgS5016-2", "granuleLink": "https://api.govinfo.gov/packages/CREC-2017-09-06/granules/CREC-2017-09-06-pt1-PgS5016-2/summary", "granuleClass": "SENATE"}, {"title": "AUTHORITY FOR COMMITTEES TO MEET", "granuleId": "CREC-2017-09-06-pt1-PgS5016", "granuleLink": "https://api.govinfo.gov/packages/CREC-2017-09-06/granules/CREC-2017-09-06-pt1-PgS5016/summary", "granuleClass": "SENATE"}, {"title": "TEXT OF AMENDMENTS", "granuleId": "CREC-2017-09-06-pt1-PgS5007", "granuleLink": "https://api.govinfo.gov/packages/CREC-2017-09-06/granules/CREC-2017-09-06-pt1-PgS5007/summary", "granuleClass": "SENATE"}, {"title": "AMENDMENTS SUBMITTED AND PROPOSED", "granuleId": "CREC-2017-09-06-pt1-PgS5006-4", "granuleLink": "https://api.govinfo.gov/packages/CREC-2017-09-06/granules/CREC-2017-09-06-pt1-PgS5006-4/summary", "granuleClass": "SENATE"}, {"title": "SUBMITTED RESOLUTIONS", "granuleId": "CREC-2017-09-06-pt1-PgS5006-3", "granuleLink": "https://api.govinfo.gov/packages/CREC-2017-09-06/granules/CREC-2017-09-06-pt1-PgS5006-3/summary", "granuleClass": "SENATE"}, {"title": "Introductory Statement on S. 1766", "granuleId": "CREC-2017-09-06-pt1-PgS5006-2", "granuleLink": "https://api.govinfo.gov/packages/CREC-2017-09-06/granules/CREC-2017-09-06-pt1-PgS5006-2/summary", "granuleClass": "SENATE"}, {"title": "STATEMENTS ON INTRODUCED BILLS AND JOINT RESOLUTIONS", "granuleId": "CREC-2017-09-06-pt1-PgS5006", "granuleLink": "https://api.govinfo.gov/packages/CREC-2017-09-06/granules/CREC-2017-09-06-pt1-PgS5006/summary", "granuleClass": "SENATE"}, {"title": "ADDITIONAL COSPONSORS", "granuleId": "CREC-2017-09-06-pt1-PgS5004-4", "granuleLink": "https://api.govinfo.gov/packages/CREC-2017-09-06/granules/CREC-2017-09-06-pt1-PgS5004-4/summary", "granuleClass": "SENATE"}, {"title": "SUBMISSION OF CONCURRENT AND SENATE RESOLUTIONS", "granuleId": "CREC-2017-09-06-pt1-PgS5004-3", "granuleLink": "https://api.govinfo.gov/packages/CREC-2017-09-06/granules/CREC-2017-09-06-pt1-PgS5004-3/summary", "granuleClass": "SENATE"}, {"title": "INTRODUCTION OF BILLS AND JOINT RESOLUTIONS", "granuleId": "CREC-2017-09-06-pt1-PgS5004-2", "granuleLink": "https://api.govinfo.gov/packages/CREC-2017-09-06/granules/CREC-2017-09-06-pt1-PgS5004-2/summary", "granuleClass": "SENATE"}, {"title": "REPORTS OF COMMITTEES", "granuleId": "CREC-2017-09-06-pt1-PgS5004", "granuleLink": "https://api.govinfo.gov/packages/CREC-2017-09-06/granules/CREC-2017-09-06-pt1-PgS5004/summary", "granuleClass": "SENATE"}, {"title": "EXECUTIVE AND OTHER COMMUNICATIONS", "granuleId": "CREC-2017-09-06-pt1-PgS5003-6", "granuleLink": "https://api.govinfo.gov/packages/CREC-2017-09-06/granules/CREC-2017-09-06-pt1-PgS5003-6/summary", "granuleClass": "SENATE"}, {"title": "MEASURES READ THE FIRST TIME", "granuleId": "CREC-2017-09-06-pt1-PgS5003-5", "granuleLink": "https://api.govinfo.gov/packages/CREC-2017-09-06/granules/CREC-2017-09-06-pt1-PgS5003-5/summary", "granuleClass": "SENATE"}, {"title": "MEASURES REFERRED", "granuleId": "CREC-2017-09-06-pt1-PgS5003-4", "granuleLink": "https://api.govinfo.gov/packages/CREC-2017-09-06/granules/CREC-2017-09-06-pt1-PgS5003-4/summary", "granuleClass": "SENATE"}, {"title": "MESSAGES FROM THE HOUSE", "granuleId": "CREC-2017-09-06-pt1-PgS5003-3", "granuleLink": "https://api.govinfo.gov/packages/CREC-2017-09-06/granules/CREC-2017-09-06-pt1-PgS5003-3/summary", "granuleClass": "SENATE"}, {"title": "EXECUTIVE MESSAGES REFERRED", "granuleId": "CREC-2017-09-06-pt1-PgS5003-2", "granuleLink": "https://api.govinfo.gov/packages/CREC-2017-09-06/granules/CREC-2017-09-06-pt1-PgS5003-2/summary", "granuleClass": "SENATE"}, {"title": "MESSAGES FROM THE PRESIDENT", "granuleId": "CREC-2017-09-06-pt1-PgS5003", "granuleLink": "https://api.govinfo.gov/packages/CREC-2017-09-06/granules/CREC-2017-09-06-pt1-PgS5003/summary", "granuleClass": "SENATE"}, {"title": "TRIBUTE TO LUCIANO ``LUCKY'' VARELA", "granuleId": "CREC-2017-09-06-pt1-PgS5002-2", "granuleLink": "https://api.govinfo.gov/packages/CREC-2017-09-06/granules/CREC-2017-09-06-pt1-PgS5002-2/summary", "granuleClass": "SENATE"}, {"title": "TRIBUTE TO THOMAS CERRA", "granuleId": "CREC-2017-09-06-pt1-PgS5002", "granuleLink": "https://api.govinfo.gov/packages/CREC-2017-09-06/granules/CREC-2017-09-06-pt1-PgS5002/summary", "granuleClass": "SENATE"}, {"title": "CENTENNIAL CELEBRATION OF THE TOWN OF ESTES PARK", "granuleId": "CREC-2017-09-06-pt1-PgS5001-4", "granuleLink": "https://api.govinfo.gov/packages/CREC-2017-09-06/granules/CREC-2017-09-06-pt1-PgS5001-4/summary", "granuleClass": "SENATE"}, {"title": "CENTENNIAL ANNIVERSARY OF CASCADE, IDAHO", "granuleId": "CREC-2017-09-06-pt1-PgS5001-3", "granuleLink": "https://api.govinfo.gov/packages/CREC-2017-09-06/granules/CREC-2017-09-06-pt1-PgS5001-3/summary", "granuleClass": "SENATE"}, {"title": "ADDITIONAL STATEMENTS", "granuleId": "CREC-2017-09-06-pt1-PgS5001-2", "granuleLink": "https://api.govinfo.gov/packages/CREC-2017-09-06/granules/CREC-2017-09-06-pt1-PgS5001-2/summary", "granuleClass": "SENATE"}, {"title": "NATIONAL POW/MIA RECOGNITION DAY", "granuleId": "CREC-2017-09-06-pt1-PgS5001", "granuleLink": "https://api.govinfo.gov/packages/CREC-2017-09-06/granules/CREC-2017-09-06-pt1-PgS5001/summary", "granuleClass": "SENATE"}, {"title": "TRIBUTE TO SISTER JANICE RYAN", "granuleId": "CREC-2017-09-06-pt1-PgS5000", "granuleLink": "https://api.govinfo.gov/packages/CREC-2017-09-06/granules/CREC-2017-09-06-pt1-PgS5000/summary", "granuleClass": "SENATE"}, {"title": "DACA", "granuleId": "CREC-2017-09-06-pt1-PgS4988", "granuleLink": "https://api.govinfo.gov/packages/CREC-2017-09-06/granules/CREC-2017-09-06-pt1-PgS4988/summary", "granuleClass": "SENATE"}, {"title": "NATIONAL DEFENSE AUTHORIZATION ACT", "granuleId": "CREC-2017-09-06-pt1-PgS4987", "granuleLink": "https://api.govinfo.gov/packages/CREC-2017-09-06/granules/CREC-2017-09-06-pt1-PgS4987/summary", "granuleClass": "SENATE"}, {"title": "DACA", "granuleId": "CREC-2017-09-06-pt1-PgS4984-3", "granuleLink": "https://api.govinfo.gov/packages/CREC-2017-09-06/granules/CREC-2017-09-06-pt1-PgS4984-3/summary", "granuleClass": "SENATE"}, {"title": "EXTENSION OF MORNING BUSINESS", "granuleId": "CREC-2017-09-06-pt1-PgS4984-2", "granuleLink": "https://api.govinfo.gov/packages/CREC-2017-09-06/granules/CREC-2017-09-06-pt1-PgS4984-2/summary", "granuleClass": "SENATE"}, {"title": "RECESS", "granuleId": "CREC-2017-09-06-pt1-PgS4984", "granuleLink": "https://api.govinfo.gov/packages/CREC-2017-09-06/granules/CREC-2017-09-06-pt1-PgS4984/summary", "granuleClass": "SENATE"}, {"title": "TAX REFORM", "granuleId": "CREC-2017-09-06-pt1-PgS4983", "granuleLink": "https://api.govinfo.gov/packages/CREC-2017-09-06/granules/CREC-2017-09-06-pt1-PgS4983/summary", "granuleClass": "SENATE"}, {"title": "WILDFIRES, HURRICANES HARVEY AND IRMA, AND HEALTHCARE REFORM", "granuleId": "CREC-2017-09-06-pt1-PgS4982", "granuleLink": "https://api.govinfo.gov/packages/CREC-2017-09-06/granules/CREC-2017-09-06-pt1-PgS4982/summary", "granuleClass": "SENATE"}, {"title": "MONTANA WILDFIRES", "granuleId": "CREC-2017-09-06-pt1-PgS4981-4", "granuleLink": "https://api.govinfo.gov/packages/CREC-2017-09-06/granules/CREC-2017-09-06-pt1-PgS4981-4/summary", "granuleClass": "SENATE"}, {"title": "ORDER FOR RECESS", "granuleId": "CREC-2017-09-06-pt1-PgS4981-3", "granuleLink": "https://api.govinfo.gov/packages/CREC-2017-09-06/granules/CREC-2017-09-06-pt1-PgS4981-3/summary", "granuleClass": "SENATE"}, {"title": "EXTENSION OF MORNING BUSINESS", "granuleId": "CREC-2017-09-06-pt1-PgS4981-2", "granuleLink": "https://api.govinfo.gov/packages/CREC-2017-09-06/granules/CREC-2017-09-06-pt1-PgS4981-2/summary", "granuleClass": "SENATE"}, {"title": "RECESS", "granuleId": "CREC-2017-09-06-pt1-PgS4981", "granuleLink": "https://api.govinfo.gov/packages/CREC-2017-09-06/granules/CREC-2017-09-06-pt1-PgS4981/summary", "granuleClass": "SENATE"}, {"title": "MONTANA WILDFIRES", "granuleId": "CREC-2017-09-06-pt1-PgS4980", "granuleLink": "https://api.govinfo.gov/packages/CREC-2017-09-06/granules/CREC-2017-09-06-pt1-PgS4980/summary", "granuleClass": "SENATE"}, {"title": "HURRICANE HARVEY", "granuleId": "CREC-2017-09-06-pt1-PgS4975", "granuleLink": "https://api.govinfo.gov/packages/CREC-2017-09-06/granules/CREC-2017-09-06-pt1-PgS4975/summary", "granuleClass": "SENATE"}, {"title": "FISCAL DEADLINES", "granuleId": "CREC-2017-09-06-pt1-PgS4973-2", "granuleLink": "https://api.govinfo.gov/packages/CREC-2017-09-06/granules/CREC-2017-09-06-pt1-PgS4973-2/summary", "granuleClass": "SENATE"}, {"title": "HURRICANES HARVEY AND IRMA", "granuleId": "CREC-2017-09-06-pt1-PgS4973", "granuleLink": "https://api.govinfo.gov/packages/CREC-2017-09-06/granules/CREC-2017-09-06-pt1-PgS4973/summary", "granuleClass": "SENATE"}, {"title": "NORTH KOREA", "granuleId": "CREC-2017-09-06-pt1-PgS4972-4", "granuleLink": "https://api.govinfo.gov/packages/CREC-2017-09-06/granules/CREC-2017-09-06-pt1-PgS4972-4/summary", "granuleClass": "SENATE"}, {"title": "DACA", "granuleId": "CREC-2017-09-06-pt1-PgS4972-3", "granuleLink": "https://api.govinfo.gov/packages/CREC-2017-09-06/granules/CREC-2017-09-06-pt1-PgS4972-3/summary", "granuleClass": "SENATE"}, {"title": "RECOGNITION OF THE MINORITY LEADER", "granuleId": "CREC-2017-09-06-pt1-PgS4972-2", "granuleLink": "https://api.govinfo.gov/packages/CREC-2017-09-06/granules/CREC-2017-09-06-pt1-PgS4972-2/summary", "granuleClass": "SENATE"}, {"title": "MORNING BUSINESS", "granuleId": "CREC-2017-09-06-pt1-PgS4972", "granuleLink": "https://api.govinfo.gov/packages/CREC-2017-09-06/granules/CREC-2017-09-06-pt1-PgS4972/summary", "granuleClass": "SENATE"}, {"title": "RESERVATION OF LEADER TIME", "granuleId": "CREC-2017-09-06-pt1-PgS4971-7", "granuleLink": "https://api.govinfo.gov/packages/CREC-2017-09-06/granules/CREC-2017-09-06-pt1-PgS4971-7/summary", "granuleClass": "SENATE"}, {"title": "HURRICANE HARVEY DISASTER RELIEF, PREVENTING A DEFAULT, AND FUNDING THE GOVERNMENT", "granuleId": "CREC-2017-09-06-pt1-PgS4971-6", "granuleLink": "https://api.govinfo.gov/packages/CREC-2017-09-06/granules/CREC-2017-09-06-pt1-PgS4971-6/summary", "granuleClass": "SENATE"}, {"title": "RECOGNITION OF THE MAJORITY LEADER", "granuleId": "CREC-2017-09-06-pt1-PgS4971-5", "granuleLink": "https://api.govinfo.gov/packages/CREC-2017-09-06/granules/CREC-2017-09-06-pt1-PgS4971-5/summary", "granuleClass": "SENATE"}, {"title": "APPOINTMENT OF ACTING PRESIDENT PRO TEMPORE", "granuleId": "CREC-2017-09-06-pt1-PgS4971-4", "granuleLink": "https://api.govinfo.gov/packages/CREC-2017-09-06/granules/CREC-2017-09-06-pt1-PgS4971-4/summary", "granuleClass": "SENATE"}, {"title": "PLEDGE OF ALLEGIANCE", "granuleId": "CREC-2017-09-06-pt1-PgS4971-3", "granuleLink": "https://api.govinfo.gov/packages/CREC-2017-09-06/granules/CREC-2017-09-06-pt1-PgS4971-3/summary", "granuleClass": "SENATE"}, {"title": "PRAYER", "granuleId": "CREC-2017-09-06-pt1-PgS4971-2", "granuleLink": "https://api.govinfo.gov/packages/CREC-2017-09-06/granules/CREC-2017-09-06-pt1-PgS4971-2/summary", "granuleClass": "SENATE"}, {"title": "Senate", "granuleId": "CREC-2017-09-06-pt1-PgS4971", "granuleLink": "https://api.govinfo.gov/packages/CREC-2017-09-06/granules/CREC-2017-09-06-pt1-PgS4971/summary", "granuleClass": "SENATE"}, {"title": "CONGRESSIONAL RECORD", "granuleId": "CREC-2017-09-06-pt1-PgS-FrontMatter-13", "granuleLink": "https://api.govinfo.gov/packages/CREC-2017-09-06/granules/CREC-2017-09-06-pt1-PgS-FrontMatter-13/summary", "granuleClass": "SENATE"}, {"title": "Constitutional Authority Statement for H.R. 3688", "granuleId": "CREC-2017-09-06-pt1-PgH7089-9", "granuleLink": "https://api.govinfo.gov/packages/CREC-2017-09-06/granules/CREC-2017-09-06-pt1-PgH7089-9/summary", "granuleClass": "HOUSE"}, {"title": "Constitutional Authority Statement for H.R. 3687", "granuleId": "CREC-2017-09-06-pt1-PgH7089-8", "granuleLink": "https://api.govinfo.gov/packages/CREC-2017-09-06/granules/CREC-2017-09-06-pt1-PgH7089-8/summary", "granuleClass": "HOUSE"}, {"title": "Constitutional Authority Statement for H.R. 3686", "granuleId": "CREC-2017-09-06-pt1-PgH7089-7", "granuleLink": "https://api.govinfo.gov/packages/CREC-2017-09-06/granules/CREC-2017-09-06-pt1-PgH7089-7/summary", "granuleClass": "HOUSE"}, {"title": "Constitutional Authority Statement for H.R. 3685", "granuleId": "CREC-2017-09-06-pt1-PgH7089-6", "granuleLink": "https://api.govinfo.gov/packages/CREC-2017-09-06/granules/CREC-2017-09-06-pt1-PgH7089-6/summary", "granuleClass": "HOUSE"}, {"title": "Constitutional Authority Statement for H.R. 3684", "granuleId": "CREC-2017-09-06-pt1-PgH7089-5", "granuleLink": "https://api.govinfo.gov/packages/CREC-2017-09-06/granules/CREC-2017-09-06-pt1-PgH7089-5/summary", "granuleClass": "HOUSE"}, {"title": "Constitutional Authority Statement for H.R. 3683", "granuleId": "CREC-2017-09-06-pt1-PgH7089-4", "granuleLink": "https://api.govinfo.gov/packages/CREC-2017-09-06/granules/CREC-2017-09-06-pt1-PgH7089-4/summary", "granuleClass": "HOUSE"}, {"title": "Constitutional Authority Statement for H.R. 3682", "granuleId": "CREC-2017-09-06-pt1-PgH7089-3", "granuleLink": "https://api.govinfo.gov/packages/CREC-2017-09-06/granules/CREC-2017-09-06-pt1-PgH7089-3/summary", "granuleClass": "HOUSE"}, {"title": "Constitutional Authority Statement for H.R. 3681", "granuleId": "CREC-2017-09-06-pt1-PgH7089-2", "granuleLink": "https://api.govinfo.gov/packages/CREC-2017-09-06/granules/CREC-2017-09-06-pt1-PgH7089-2/summary", "granuleClass": "HOUSE"}, {"title": "ADDITIONAL SPONSORS", "granuleId": "CREC-2017-09-06-pt1-PgH7089-13", "granuleLink": "https://api.govinfo.gov/packages/CREC-2017-09-06/granules/CREC-2017-09-06-pt1-PgH7089-13/summary", "granuleClass": "HOUSE"}, {"title": "Constitutional Authority Statement for H.R. 3691", "granuleId": "CREC-2017-09-06-pt1-PgH7089-12", "granuleLink": "https://api.govinfo.gov/packages/CREC-2017-09-06/granules/CREC-2017-09-06-pt1-PgH7089-12/summary", "granuleClass": "HOUSE"}, {"title": "Constitutional Authority Statement for H.R. 3690", "granuleId": "CREC-2017-09-06-pt1-PgH7089-11", "granuleLink": "https://api.govinfo.gov/packages/CREC-2017-09-06/granules/CREC-2017-09-06-pt1-PgH7089-11/summary", "granuleClass": "HOUSE"}, {"title": "Constitutional Authority Statement for H.R. 3689", "granuleId": "CREC-2017-09-06-pt1-PgH7089-10", "granuleLink": "https://api.govinfo.gov/packages/CREC-2017-09-06/granules/CREC-2017-09-06-pt1-PgH7089-10/summary", "granuleClass": "HOUSE"}, {"title": "Constitutional Authority Statement", "granuleId": "CREC-2017-09-06-pt1-PgH7089", "granuleLink": "https://api.govinfo.gov/packages/CREC-2017-09-06/granules/CREC-2017-09-06-pt1-PgH7089/summary", "granuleClass": "HOUSE"}, {"title": "PUBLIC BILLS AND RESOLUTIONS", "granuleId": "CREC-2017-09-06-pt1-PgH7088-2", "granuleLink": "https://api.govinfo.gov/packages/CREC-2017-09-06/granules/CREC-2017-09-06-pt1-PgH7088-2/summary", "granuleClass": "HOUSE"}, {"title": "REPORTS OF COMMITTEES ON PUBLIC BILLS AND RESOLUTIONS", "granuleId": "CREC-2017-09-06-pt1-PgH7088", "granuleLink": "https://api.govinfo.gov/packages/CREC-2017-09-06/granules/CREC-2017-09-06-pt1-PgH7088/summary", "granuleClass": "HOUSE"}, {"title": "EXECUTIVE COMMUNICATIONS, ETC.", "granuleId": "CREC-2017-09-06-pt1-PgH7087-3", "granuleLink": "https://api.govinfo.gov/packages/CREC-2017-09-06/granules/CREC-2017-09-06-pt1-PgH7087-3/summary", "granuleClass": "HOUSE"}, {"title": "ADJOURNMENT", "granuleId": "CREC-2017-09-06-pt1-PgH7087-2", "granuleLink": "https://api.govinfo.gov/packages/CREC-2017-09-06/granules/CREC-2017-09-06-pt1-PgH7087-2/summary", "granuleClass": "HOUSE"}, {"title": "LEAVE OF ABSENCE", "granuleId": "CREC-2017-09-06-pt1-PgH7087", "granuleLink": "https://api.govinfo.gov/packages/CREC-2017-09-06/granules/CREC-2017-09-06-pt1-PgH7087/summary", "granuleClass": "HOUSE"}, {"title": "Members have found out about ICE immigration actions in their\ndistricts after the fact. The least we can do as Members of Congress is \nto provide oversight and keep track of how much DHS is...", "granuleId": "CREC-2017-09-06-pt1-PgH7082", "granuleLink": "https://api.govinfo.gov/packages/CREC-2017-09-06/granules/CREC-2017-09-06-pt1-PgH7082/summary", "granuleClass": "HOUSE"}, {"title": "DEPARTMENT OF THE INTERIOR, ENVIRONMENT, AND RELATED AGENCIES APPROPRIATIONS ACT, 2018", "granuleId": "CREC-2017-09-06-pt1-PgH7072-2", "granuleLink": "https://api.govinfo.gov/packages/CREC-2017-09-06/granules/CREC-2017-09-06-pt1-PgH7072-2/summary", "granuleClass": "HOUSE"}, {"title": "REPORT ON RESOLUTION PROVIDING FOR FURTHER CONSIDERATION OF H.R. 3354, DEPARTMENT OF THE INTERIOR, ENVIRONMENT, AND RELATED AGENCIES APPROPRIATIONS ACT, 2018", "granuleId": "CREC-2017-09-06-pt1-PgH7072", "granuleLink": "https://api.govinfo.gov/packages/CREC-2017-09-06/granules/CREC-2017-09-06-pt1-PgH7072/summary", "granuleClass": "HOUSE"}, {"title": "DEPARTMENT OF THE INTERIOR, ENVIRONMENT, AND RELATED AGENCIES APPROPRIATIONS ACT, 2018", "granuleId": "CREC-2017-09-06-pt1-PgH6695", "granuleLink": "https://api.govinfo.gov/packages/CREC-2017-09-06/granules/CREC-2017-09-06-pt1-PgH6695/summary", "granuleClass": "HOUSE"}, {"title": "THE JOURNAL", "granuleId": "CREC-2017-09-06-pt1-PgH6694", "granuleLink": "https://api.govinfo.gov/packages/CREC-2017-09-06/granules/CREC-2017-09-06-pt1-PgH6694/summary", "granuleClass": "HOUSE"}, {"title": "PROVIDING FOR CONSIDERATION OF H.R. 3354, DEPARTMENT OF THE INTERIOR, ENVIRONMENT, AND RELATED AGENCIES APPROPRIATIONS ACT, 2018; PROVIDING FOR CONSIDERATION OF MOTIONS TO SUSPEND THE RULES; AND...", "granuleId": "CREC-2017-09-06-pt1-PgH6678-3", "granuleLink": "https://api.govinfo.gov/packages/CREC-2017-09-06/granules/CREC-2017-09-06-pt1-PgH6678-3/summary", "granuleClass": "HOUSE"}, {"title": "AFTER RECESS", "granuleId": "CREC-2017-09-06-pt1-PgH6678-2", "granuleLink": "https://api.govinfo.gov/packages/CREC-2017-09-06/granules/CREC-2017-09-06-pt1-PgH6678-2/summary", "granuleClass": "HOUSE"}, {"title": "RECESS", "granuleId": "CREC-2017-09-06-pt1-PgH6678", "granuleLink": "https://api.govinfo.gov/packages/CREC-2017-09-06/granules/CREC-2017-09-06-pt1-PgH6678/summary", "granuleClass": "HOUSE"}, {"title": "MAKING SUPPLEMENTAL APPROPRIATIONS FOR DISASTER RELIEF", "granuleId": "CREC-2017-09-06-pt1-PgH6677", "granuleLink": "https://api.govinfo.gov/packages/CREC-2017-09-06/granules/CREC-2017-09-06-pt1-PgH6677/summary", "granuleClass": "HOUSE"}, {"title": "SAFELY ENSURING LIVES FUTURE DEPLOYMENT AND RESEARCH IN VEHICLE EVOLUTION ACT", "granuleId": "CREC-2017-09-06-pt1-PgH6667", "granuleLink": "https://api.govinfo.gov/packages/CREC-2017-09-06/granules/CREC-2017-09-06-pt1-PgH6667/summary", "granuleClass": "HOUSE"}, {"title": "MAKING SUPPLEMENTAL APPROPRIATIONS FOR DISASTER RELIEF", "granuleId": "CREC-2017-09-06-pt1-PgH6660-6", "granuleLink": "https://api.govinfo.gov/packages/CREC-2017-09-06/granules/CREC-2017-09-06-pt1-PgH6660-6/summary", "granuleClass": "HOUSE"}, {"title": "ANNOUNCEMENT BY THE SPEAKER PRO TEMPORE", "granuleId": "CREC-2017-09-06-pt1-PgH6660-5", "granuleLink": "https://api.govinfo.gov/packages/CREC-2017-09-06/granules/CREC-2017-09-06-pt1-PgH6660-5/summary", "granuleClass": "HOUSE"}, {"title": "COMMUNICATION FROM THE CLERK OF THE HOUSE", "granuleId": "CREC-2017-09-06-pt1-PgH6660-4", "granuleLink": "https://api.govinfo.gov/packages/CREC-2017-09-06/granules/CREC-2017-09-06-pt1-PgH6660-4/summary", "granuleClass": "HOUSE"}, {"title": "TRIBUTE TO BOB REDFORD", "granuleId": "CREC-2017-09-06-pt1-PgH6660-3", "granuleLink": "https://api.govinfo.gov/packages/CREC-2017-09-06/granules/CREC-2017-09-06-pt1-PgH6660-3/summary", "granuleClass": "HOUSE"}, {"title": "HONORING PETTY OFFICER LOGAN PALMER", "granuleId": "CREC-2017-09-06-pt1-PgH6660-2", "granuleLink": "https://api.govinfo.gov/packages/CREC-2017-09-06/granules/CREC-2017-09-06-pt1-PgH6660-2/summary", "granuleClass": "HOUSE"}, {"title": "THE NATIONAL MEDIA HAS LOST OUR TRUST", "granuleId": "CREC-2017-09-06-pt1-PgH6660", "granuleLink": "https://api.govinfo.gov/packages/CREC-2017-09-06/granules/CREC-2017-09-06-pt1-PgH6660/summary", "granuleClass": "HOUSE"}, {"title": "RECOGNIZING GEORGIA MJARTAN", "granuleId": "CREC-2017-09-06-pt1-PgH6659-6", "granuleLink": "https://api.govinfo.gov/packages/CREC-2017-09-06/granules/CREC-2017-09-06-pt1-PgH6659-6/summary", "granuleClass": "HOUSE"}, {"title": "EMERGENCY FUNDING FOR HURRICANE HARVEY", "granuleId": "CREC-2017-09-06-pt1-PgH6659-5", "granuleLink": "https://api.govinfo.gov/packages/CREC-2017-09-06/granules/CREC-2017-09-06-pt1-PgH6659-5/summary", "granuleClass": "HOUSE"}, {"title": "FREEDOM IN EASTERN EUROPE", "granuleId": "CREC-2017-09-06-pt1-PgH6659-4", "granuleLink": "https://api.govinfo.gov/packages/CREC-2017-09-06/granules/CREC-2017-09-06-pt1-PgH6659-4/summary", "granuleClass": "HOUSE"}, {"title": "RECOGNIZING GIANA ZAMBELLI AND OLIVIA CAMERON", "granuleId": "CREC-2017-09-06-pt1-PgH6659-3", "granuleLink": "https://api.govinfo.gov/packages/CREC-2017-09-06/granules/CREC-2017-09-06-pt1-PgH6659-3/summary", "granuleClass": "HOUSE"}]}