{"dateIssued": "2017-09-06", "issue": "143", "documentType": "CREC", "congress": "115", "bookCount": "1", "session": "1", "packageId": "CREC-2017-09-06", "collectionCode": "CREC", "detailsLink": "https://www.govinfo.gov/app/details/CREC-2017-09-06", "title": "Congressional Record Volume 163, Issue 143, (September 6, 2017)", "branch": "legislative", "collectionName": "Congressional Record", "volume": "163", "download": {"premisLink": "https://api.govinfo.gov/packages/CREC-2017-09-06/premis", "pdfHouseLink": "https://api.govinfo.gov/packages/CREC-2017-09-06/pdf/house", "zipLink": "https://api.govinfo.gov/packages/CREC-2017-09-06/zip", "modsLink": "https://api.govinfo.gov/packages/CREC-2017-09-06/mods", "pdfSenateLink": "https://api.govinfo.gov/packages/CREC-2017-09-06/pdf/senate", "pdfLink": "https://api.govinfo.gov/packages/CREC-2017-09-06/pdf", "pdfExtensionsLink": "https://api.govinfo.gov/packages/CREC-2017-09-06/pdf/extensions", "pdfDailyDigestLink": "https://api.govinfo.gov/packages/CREC-2017-09-06/pdf/dailydigest"}, "pages": "504", "governmentAuthor1": "Congress", "publisher": "U.S. Government Publishing Office", "suDocClassNumber": "X 1.1/A:, X/A.", "docClass": "CREC", "lastModified": "2025-03-18T22:08:07Z", "category": "Proceedings of Congress and General Congressional Publications", "otherIdentifier": {"migrated-doc-id": "cr06se17", "ils-system-id": "000568013", "stock-number": "752-002-00000-2"}, "granulesLink": "https://api.govinfo.gov/packages/CREC-2017-09-06/granules?offsetMark=*&pageSize=100"}