{"dateIssued": "2017-09-08", "issue": "145", "documentType": "CREC", "congress": "115", "bookCount": "1", "session": "1", "packageId": "CREC-2017-09-08", "collectionCode": "CREC", "detailsLink": "https://www.govinfo.gov/app/details/CREC-2017-09-08", "title": "Congressional Record Volume 163, Issue 145, (September 8, 2017)", "branch": "legislative", "collectionName": "Congressional Record", "volume": "163", "download": {"premisLink": "https://api.govinfo.gov/packages/CREC-2017-09-08/premis", "pdfHouseLink": "https://api.govinfo.gov/packages/CREC-2017-09-08/pdf/house", "zipLink": "https://api.govinfo.gov/packages/CREC-2017-09-08/zip", "modsLink": "https://api.govinfo.gov/packages/CREC-2017-09-08/mods", "pdfLink": "https://api.govinfo.gov/packages/CREC-2017-09-08/pdf", "pdfExtensionsLink": "https://api.govinfo.gov/packages/CREC-2017-09-08/pdf/extensions", "pdfDailyDigestLink": "https://api.govinfo.gov/packages/CREC-2017-09-08/pdf/dailydigest"}, "pages": "45", "governmentAuthor1": "Congress", "publisher": "U.S. Government Publishing Office", "suDocClassNumber": "X 1.1/A:, X/A.", "docClass": "CREC", "lastModified": "2025-03-18T21:59:34Z", "category": "Proceedings of Congress and General Congressional Publications", "otherIdentifier": {"migrated-doc-id": "CR08SE17", "ils-system-id": "000568013", "stock-number": "752-002-00000-2"}, "granulesLink": "https://api.govinfo.gov/packages/CREC-2017-09-08/granules?offsetMark=*&pageSize=100"}