{"dateIssued": "2017-09-07", "issue": "144", "documentType": "CREC", "congress": "115", "bookCount": "1", "session": "1", "packageId": "CREC-2017-09-07", "collectionCode": "CREC", "detailsLink": "https://www.govinfo.gov/app/details/CREC-2017-09-07", "title": "Congressional Record Volume 163, Issue 144, (September 7, 2017)", "branch": "legislative", "collectionName": "Congressional Record", "volume": "163", "download": {"premisLink": "https://api.govinfo.gov/packages/CREC-2017-09-07/premis", "pdfHouseLink": "https://api.govinfo.gov/packages/CREC-2017-09-07/pdf/house", "zipLink": "https://api.govinfo.gov/packages/CREC-2017-09-07/zip", "modsLink": "https://api.govinfo.gov/packages/CREC-2017-09-07/mods", "pdfSenateLink": "https://api.govinfo.gov/packages/CREC-2017-09-07/pdf/senate", "pdfLink": "https://api.govinfo.gov/packages/CREC-2017-09-07/pdf", "pdfExtensionsLink": "https://api.govinfo.gov/packages/CREC-2017-09-07/pdf/extensions", "pdfDailyDigestLink": "https://api.govinfo.gov/packages/CREC-2017-09-07/pdf/dailydigest"}, "pages": "177", "governmentAuthor1": "Congress", "publisher": "U.S. Government Publishing Office", "suDocClassNumber": "X 1.1/A:, X/A.", "docClass": "CREC", "lastModified": "2025-03-18T22:12:23Z", "category": "Proceedings of Congress and General Congressional Publications", "otherIdentifier": {"migrated-doc-id": "CR07SE17", "ils-system-id": "000568013", "stock-number": "752-002-00000-2"}, "granulesLink": "https://api.govinfo.gov/packages/CREC-2017-09-07/granules?offsetMark=*&pageSize=100"}