{"count": 42, "offset": 0, "pageSize": 100, "nextPage": null, "previousPage": null, "granules": [{"title": "ADJOURNMENT UNTIL TUESDAY, SEPTEMBER 5, 2017, AT 3 P.M.", "granuleId": "CREC-2017-09-01-pt1-PgS4915-3", "granuleLink": "https://api.govinfo.gov/packages/CREC-2017-09-01/granules/CREC-2017-09-01-pt1-PgS4915-3/summary", "granuleClass": "SENATE"}, {"title": "APPOINTMENT OF ACTING PRESIDENT PRO TEMPORE", "granuleId": "CREC-2017-09-01-pt1-PgS4915-2", "granuleLink": "https://api.govinfo.gov/packages/CREC-2017-09-01/granules/CREC-2017-09-01-pt1-PgS4915-2/summary", "granuleClass": "SENATE"}, {"title": "Senate", "granuleId": "CREC-2017-09-01-pt1-PgS4915", "granuleLink": "https://api.govinfo.gov/packages/CREC-2017-09-01/granules/CREC-2017-09-01-pt1-PgS4915/summary", "granuleClass": "SENATE"}, {"title": "CONGRESSIONAL RECORD", "granuleId": "CREC-2017-09-01-pt1-PgS-FrontMatter-6", "granuleLink": "https://api.govinfo.gov/packages/CREC-2017-09-01/granules/CREC-2017-09-01-pt1-PgS-FrontMatter-6/summary", "granuleClass": "SENATE"}, {"title": "ADDITIONAL SPONSORS", "granuleId": "CREC-2017-09-01-pt1-PgH6632-6", "granuleLink": "https://api.govinfo.gov/packages/CREC-2017-09-01/granules/CREC-2017-09-01-pt1-PgH6632-6/summary", "granuleClass": "HOUSE"}, {"title": "Constitutional Authority Statement for H.R. 3671", "granuleId": "CREC-2017-09-01-pt1-PgH6632-5", "granuleLink": "https://api.govinfo.gov/packages/CREC-2017-09-01/granules/CREC-2017-09-01-pt1-PgH6632-5/summary", "granuleClass": "HOUSE"}, {"title": "Constitutional Authority Statement for H.R. 3670", "granuleId": "CREC-2017-09-01-pt1-PgH6632-4", "granuleLink": "https://api.govinfo.gov/packages/CREC-2017-09-01/granules/CREC-2017-09-01-pt1-PgH6632-4/summary", "granuleClass": "HOUSE"}, {"title": "Constitutional Authority Statement for H.R. 3669", "granuleId": "CREC-2017-09-01-pt1-PgH6632-3", "granuleLink": "https://api.govinfo.gov/packages/CREC-2017-09-01/granules/CREC-2017-09-01-pt1-PgH6632-3/summary", "granuleClass": "HOUSE"}, {"title": "Constitutional Authority Statement for H.R. 3668", "granuleId": "CREC-2017-09-01-pt1-PgH6632-2", "granuleLink": "https://api.govinfo.gov/packages/CREC-2017-09-01/granules/CREC-2017-09-01-pt1-PgH6632-2/summary", "granuleClass": "HOUSE"}, {"title": "Constitutional Authority Statement", "granuleId": "CREC-2017-09-01-pt1-PgH6632", "granuleLink": "https://api.govinfo.gov/packages/CREC-2017-09-01/granules/CREC-2017-09-01-pt1-PgH6632/summary", "granuleClass": "HOUSE"}, {"title": "PUBLIC BILLS AND RESOLUTIONS", "granuleId": "CREC-2017-09-01-pt1-PgH6631-9", "granuleLink": "https://api.govinfo.gov/packages/CREC-2017-09-01/granules/CREC-2017-09-01-pt1-PgH6631-9/summary", "granuleClass": "HOUSE"}, {"title": "REPORTS OF COMMITTEES ON PUBLIC BILLS AND RESOLUTIONS", "granuleId": "CREC-2017-09-01-pt1-PgH6631-8", "granuleLink": "https://api.govinfo.gov/packages/CREC-2017-09-01/granules/CREC-2017-09-01-pt1-PgH6631-8/summary", "granuleClass": "HOUSE"}, {"title": "EXECUTIVE COMMUNICATIONS, ETC.", "granuleId": "CREC-2017-09-01-pt1-PgH6631-7", "granuleLink": "https://api.govinfo.gov/packages/CREC-2017-09-01/granules/CREC-2017-09-01-pt1-PgH6631-7/summary", "granuleClass": "HOUSE"}, {"title": "ADJOURNMENT", "granuleId": "CREC-2017-09-01-pt1-PgH6631-6", "granuleLink": "https://api.govinfo.gov/packages/CREC-2017-09-01/granules/CREC-2017-09-01-pt1-PgH6631-6/summary", "granuleClass": "HOUSE"}, {"title": "PLEDGE OF ALLEGIANCE", "granuleId": "CREC-2017-09-01-pt1-PgH6631-5", "granuleLink": "https://api.govinfo.gov/packages/CREC-2017-09-01/granules/CREC-2017-09-01-pt1-PgH6631-5/summary", "granuleClass": "HOUSE"}, {"title": "THE JOURNAL", "granuleId": "CREC-2017-09-01-pt1-PgH6631-4", "granuleLink": "https://api.govinfo.gov/packages/CREC-2017-09-01/granules/CREC-2017-09-01-pt1-PgH6631-4/summary", "granuleClass": "HOUSE"}, {"title": "PRAYER", "granuleId": "CREC-2017-09-01-pt1-PgH6631-3", "granuleLink": "https://api.govinfo.gov/packages/CREC-2017-09-01/granules/CREC-2017-09-01-pt1-PgH6631-3/summary", "granuleClass": "HOUSE"}, {"title": "DESIGNATION OF THE SPEAKER PRO TEMPORE", "granuleId": "CREC-2017-09-01-pt1-PgH6631-2", "granuleLink": "https://api.govinfo.gov/packages/CREC-2017-09-01/granules/CREC-2017-09-01-pt1-PgH6631-2/summary", "granuleClass": "HOUSE"}, {"title": "House of Representatives", "granuleId": "CREC-2017-09-01-pt1-PgH6631", "granuleLink": "https://api.govinfo.gov/packages/CREC-2017-09-01/granules/CREC-2017-09-01-pt1-PgH6631/summary", "granuleClass": "HOUSE"}, {"title": "CONGRESSIONAL RECORD", "granuleId": "CREC-2017-09-01-pt1-PgH-FrontMatter-4", "granuleLink": "https://api.govinfo.gov/packages/CREC-2017-09-01/granules/CREC-2017-09-01-pt1-PgH-FrontMatter-4/summary", "granuleClass": "HOUSE"}, {"title": "REMEMBERING MR. MARIO GUTIERREZ", "granuleId": "CREC-2017-09-01-pt1-PgE1154-4", "granuleLink": "https://api.govinfo.gov/packages/CREC-2017-09-01/granules/CREC-2017-09-01-pt1-PgE1154-4/summary", "granuleClass": "EXTENSIONS"}, {"title": "IN RECOGNITION OF MARJORIE BENBOW AND HER APPOINTMENT TO THE NORTH CAROLINA STATE BOARD OF COMMUNITY COLLEGES", "granuleId": "CREC-2017-09-01-pt1-PgE1154-3", "granuleLink": "https://api.govinfo.gov/packages/CREC-2017-09-01/granules/CREC-2017-09-01-pt1-PgE1154-3/summary", "granuleClass": "EXTENSIONS"}, {"title": "RECOGNIZING THE CONTRIBUTIONS OF THE NATIONAL SOCIETY DAUGHTERS OF THE AMERICAN REVOLUTION, SARAH BARTON MURPHY CHAPTER", "granuleId": "CREC-2017-09-01-pt1-PgE1154-2", "granuleLink": "https://api.govinfo.gov/packages/CREC-2017-09-01/granules/CREC-2017-09-01-pt1-PgE1154-2/summary", "granuleClass": "EXTENSIONS"}, {"title": "RECOGNIZING WHITE OAKS MALL'S 40TH ANNIVERSARY", "granuleId": "CREC-2017-09-01-pt1-PgE1154", "granuleLink": "https://api.govinfo.gov/packages/CREC-2017-09-01/granules/CREC-2017-09-01-pt1-PgE1154/summary", "granuleClass": "EXTENSIONS"}, {"title": "CONGRATULATING THE JEFFERSON CITY JAYS' BASEBALL TEAM", "granuleId": "CREC-2017-09-01-pt1-PgE1153-5", "granuleLink": "https://api.govinfo.gov/packages/CREC-2017-09-01/granules/CREC-2017-09-01-pt1-PgE1153-5/summary", "granuleClass": "EXTENSIONS"}, {"title": "REMEMBERING JOSEPH CALABRIA", "granuleId": "CREC-2017-09-01-pt1-PgE1153-4", "granuleLink": "https://api.govinfo.gov/packages/CREC-2017-09-01/granules/CREC-2017-09-01-pt1-PgE1153-4/summary", "granuleClass": "EXTENSIONS"}, {"title": "IN SUPPORT OF H. RES. 274", "granuleId": "CREC-2017-09-01-pt1-PgE1153-3", "granuleLink": "https://api.govinfo.gov/packages/CREC-2017-09-01/granules/CREC-2017-09-01-pt1-PgE1153-3/summary", "granuleClass": "EXTENSIONS"}, {"title": "HONORING SOPHIA BOQUIST", "granuleId": "CREC-2017-09-01-pt1-PgE1153-2", "granuleLink": "https://api.govinfo.gov/packages/CREC-2017-09-01/granules/CREC-2017-09-01-pt1-PgE1153-2/summary", "granuleClass": "EXTENSIONS"}, {"title": "IN RECOGNITION OF THE 75TH ANNIVERSARY OF MARINES LANDING AT GUADALCANAL", "granuleId": "CREC-2017-09-01-pt1-PgE1153", "granuleLink": "https://api.govinfo.gov/packages/CREC-2017-09-01/granules/CREC-2017-09-01-pt1-PgE1153/summary", "granuleClass": "EXTENSIONS"}, {"title": "L. RAFAEL REIF AND THE DEFERRED ACTION FOR CHILDHOOD ARRIVALS PROGRAM", "granuleId": "CREC-2017-09-01-pt1-PgE1152-3", "granuleLink": "https://api.govinfo.gov/packages/CREC-2017-09-01/granules/CREC-2017-09-01-pt1-PgE1152-3/summary", "granuleClass": "EXTENSIONS"}, {"title": "HONORING MS. LEE PAULSEN", "granuleId": "CREC-2017-09-01-pt1-PgE1152-2", "granuleLink": "https://api.govinfo.gov/packages/CREC-2017-09-01/granules/CREC-2017-09-01-pt1-PgE1152-2/summary", "granuleClass": "EXTENSIONS"}, {"title": "EXPRESSING SOLIDARITY WITH THE PEOPLE OF TEXAS AFFECTED BY HURRICANE HARVEY", "granuleId": "CREC-2017-09-01-pt1-PgE1152", "granuleLink": "https://api.govinfo.gov/packages/CREC-2017-09-01/granules/CREC-2017-09-01-pt1-PgE1152/summary", "granuleClass": "EXTENSIONS"}, {"title": "HONORING THE CRANE FAMILY", "granuleId": "CREC-2017-09-01-pt1-PgE1151-5", "granuleLink": "https://api.govinfo.gov/packages/CREC-2017-09-01/granules/CREC-2017-09-01-pt1-PgE1151-5/summary", "granuleClass": "EXTENSIONS"}, {"title": "HONORING THE 40TH ANNIVERSARY OF SERVICE BY REVEREND DR. AMOS C. BROWN", "granuleId": "CREC-2017-09-01-pt1-PgE1151-4", "granuleLink": "https://api.govinfo.gov/packages/CREC-2017-09-01/granules/CREC-2017-09-01-pt1-PgE1151-4/summary", "granuleClass": "EXTENSIONS"}, {"title": "IN HONOR OF SERGEANT ERIC SOSSOMAN'S SERVICE TO OUR COMMUNITY WITH THE CABARRUS COUNTY SHERIFF'S DEPARTMENT", "granuleId": "CREC-2017-09-01-pt1-PgE1151-3", "granuleLink": "https://api.govinfo.gov/packages/CREC-2017-09-01/granules/CREC-2017-09-01-pt1-PgE1151-3/summary", "granuleClass": "EXTENSIONS"}, {"title": "IN RECOGNITION OF THE SACRAMENTO JAPANESE AMERICAN CITIZENS LEAGUE SCHOLARSHIP AWARD RECIPIENTS", "granuleId": "CREC-2017-09-01-pt1-PgE1151-2", "granuleLink": "https://api.govinfo.gov/packages/CREC-2017-09-01/granules/CREC-2017-09-01-pt1-PgE1151-2/summary", "granuleClass": "EXTENSIONS"}, {"title": "Daily Digest/Next Meeting of the SENATE + Next Meeting of the HOUSE OF REPRESENTATIVES + Other End Matter", "granuleId": "CREC-2017-09-01-pt1-PgD909-6", "granuleLink": "https://api.govinfo.gov/packages/CREC-2017-09-01/granules/CREC-2017-09-01-pt1-PgD909-6/summary", "granuleClass": "DAILYDIGEST"}, {"title": "Daily Digest/COMMITTEE MEETINGS FOR 2017-09-05", "granuleId": "CREC-2017-09-01-pt1-PgD909-5", "granuleLink": "https://api.govinfo.gov/packages/CREC-2017-09-01/granules/CREC-2017-09-01-pt1-PgD909-5/summary", "granuleClass": "DAILYDIGEST"}, {"title": "Daily Digest/House Committee Meetings", "granuleId": "CREC-2017-09-01-pt1-PgD909-4", "granuleLink": "https://api.govinfo.gov/packages/CREC-2017-09-01/granules/CREC-2017-09-01-pt1-PgD909-4/summary", "granuleClass": "DAILYDIGEST"}, {"title": "Daily Digest/House of Representatives", "granuleId": "CREC-2017-09-01-pt1-PgD909-3", "granuleLink": "https://api.govinfo.gov/packages/CREC-2017-09-01/granules/CREC-2017-09-01-pt1-PgD909-3/summary", "granuleClass": "DAILYDIGEST"}, {"title": "Daily Digest/Senate Committee Meetings", "granuleId": "CREC-2017-09-01-pt1-PgD909-2", "granuleLink": "https://api.govinfo.gov/packages/CREC-2017-09-01/granules/CREC-2017-09-01-pt1-PgD909-2/summary", "granuleClass": "DAILYDIGEST"}, {"title": "Daily Digest/Senate", "granuleId": "CREC-2017-09-01-pt1-PgD909", "granuleLink": "https://api.govinfo.gov/packages/CREC-2017-09-01/granules/CREC-2017-09-01-pt1-PgD909/summary", "granuleClass": "DAILYDIGEST"}]}