{"count": 217, "offset": 0, "pageSize": 100, "nextPage": "https://api.govinfo.gov/packages/CREC-2017-09-07/granules?offset=100&pageSize=100", "previousPage": null, "granules": [{"title": "CONFIRMATION", "granuleId": "CREC-2017-09-07-pt1-PgS5083-3", "granuleLink": "https://api.govinfo.gov/packages/CREC-2017-09-07/granules/CREC-2017-09-07-pt1-PgS5083-3/summary", "granuleClass": "SENATE"}, {"title": "NOMINATIONS", "granuleId": "CREC-2017-09-07-pt1-PgS5083-2", "granuleLink": "https://api.govinfo.gov/packages/CREC-2017-09-07/granules/CREC-2017-09-07-pt1-PgS5083-2/summary", "granuleClass": "SENATE"}, {"title": "ADJOURNMENT UNTIL MONDAY, SEPTEMBER 11, 2017, AT 3 P.M.", "granuleId": "CREC-2017-09-07-pt1-PgS5083", "granuleLink": "https://api.govinfo.gov/packages/CREC-2017-09-07/granules/CREC-2017-09-07-pt1-PgS5083/summary", "granuleClass": "SENATE"}, {"title": "CLIMATE CHANGE", "granuleId": "CREC-2017-09-07-pt1-PgS5079", "granuleLink": "https://api.govinfo.gov/packages/CREC-2017-09-07/granules/CREC-2017-09-07-pt1-PgS5079/summary", "granuleClass": "SENATE"}, {"title": "INVESTING IN HEALTHCARE RESEARCH", "granuleId": "CREC-2017-09-07-pt1-PgS5078-4", "granuleLink": "https://api.govinfo.gov/packages/CREC-2017-09-07/granules/CREC-2017-09-07-pt1-PgS5078-4/summary", "granuleClass": "SENATE"}, {"title": "ORDER FOR ADJOURNMENT", "granuleId": "CREC-2017-09-07-pt1-PgS5078-3", "granuleLink": "https://api.govinfo.gov/packages/CREC-2017-09-07/granules/CREC-2017-09-07-pt1-PgS5078-3/summary", "granuleClass": "SENATE"}, {"title": "ORDERS FOR MONDAY, SEPTEMBER 11, 2017", "granuleId": "CREC-2017-09-07-pt1-PgS5078-2", "granuleLink": "https://api.govinfo.gov/packages/CREC-2017-09-07/granules/CREC-2017-09-07-pt1-PgS5078-2/summary", "granuleClass": "SENATE"}, {"title": "HERSHEL ``WOODY'' WILLIAMS VA MEDICAL CENTER", "granuleId": "CREC-2017-09-07-pt1-PgS5078", "granuleLink": "https://api.govinfo.gov/packages/CREC-2017-09-07/granules/CREC-2017-09-07-pt1-PgS5078/summary", "granuleClass": "SENATE"}, {"title": "CHILDREN OF FALLEN HEROES SCHOLARSHIP ACT", "granuleId": "CREC-2017-09-07-pt1-PgS5077-4", "granuleLink": "https://api.govinfo.gov/packages/CREC-2017-09-07/granules/CREC-2017-09-07-pt1-PgS5077-4/summary", "granuleClass": "SENATE"}, {"title": "AUTHORIZING USE OF THE CAPITOL GROUNDS", "granuleId": "CREC-2017-09-07-pt1-PgS5077-3", "granuleLink": "https://api.govinfo.gov/packages/CREC-2017-09-07/granules/CREC-2017-09-07-pt1-PgS5077-3/summary", "granuleClass": "SENATE"}, {"title": "PROVIDING FOR A CORRECTION IN THE ENROLLMENT OF H.R. 601", "granuleId": "CREC-2017-09-07-pt1-PgS5077-2", "granuleLink": "https://api.govinfo.gov/packages/CREC-2017-09-07/granules/CREC-2017-09-07-pt1-PgS5077-2/summary", "granuleClass": "SENATE"}, {"title": "PRIVILEGES OF THE FLOOR", "granuleId": "CREC-2017-09-07-pt1-PgS5077", "granuleLink": "https://api.govinfo.gov/packages/CREC-2017-09-07/granules/CREC-2017-09-07-pt1-PgS5077/summary", "granuleClass": "SENATE"}, {"title": "AUTHORITY FOR COMMITTEES TO MEET", "granuleId": "CREC-2017-09-07-pt1-PgS5076", "granuleLink": "https://api.govinfo.gov/packages/CREC-2017-09-07/granules/CREC-2017-09-07-pt1-PgS5076/summary", "granuleClass": "SENATE"}, {"title": "TEXT OF AMENDMENTS", "granuleId": "CREC-2017-09-07-pt1-PgS5063", "granuleLink": "https://api.govinfo.gov/packages/CREC-2017-09-07/granules/CREC-2017-09-07-pt1-PgS5063/summary", "granuleClass": "SENATE"}, {"title": "AMENDMENTS SUBMITTED AND PROPOSED", "granuleId": "CREC-2017-09-07-pt1-PgS5062", "granuleLink": "https://api.govinfo.gov/packages/CREC-2017-09-07/granules/CREC-2017-09-07-pt1-PgS5062/summary", "granuleClass": "SENATE"}, {"title": "SENATE CONCURRENT RESOLUTION 24--PROVIDING FOR A CORRECTION IN THE ENROLLMENT OF H.R. 601", "granuleId": "CREC-2017-09-07-pt1-PgS5061", "granuleLink": "https://api.govinfo.gov/packages/CREC-2017-09-07/granules/CREC-2017-09-07-pt1-PgS5061/summary", "granuleClass": "SENATE"}, {"title": "SUBMITTED RESOLUTIONS", "granuleId": "CREC-2017-09-07-pt1-PgS5060", "granuleLink": "https://api.govinfo.gov/packages/CREC-2017-09-07/granules/CREC-2017-09-07-pt1-PgS5060/summary", "granuleClass": "SENATE"}, {"title": "Introductory Statement on S. 1781", "granuleId": "CREC-2017-09-07-pt1-PgS5059", "granuleLink": "https://api.govinfo.gov/packages/CREC-2017-09-07/granules/CREC-2017-09-07-pt1-PgS5059/summary", "granuleClass": "SENATE"}, {"title": "Introductory Statement on S. 1772", "granuleId": "CREC-2017-09-07-pt1-PgS5058-2", "granuleLink": "https://api.govinfo.gov/packages/CREC-2017-09-07/granules/CREC-2017-09-07-pt1-PgS5058-2/summary", "granuleClass": "SENATE"}, {"title": "STATEMENTS ON INTRODUCED BILLS AND JOINT RESOLUTIONS", "granuleId": "CREC-2017-09-07-pt1-PgS5058", "granuleLink": "https://api.govinfo.gov/packages/CREC-2017-09-07/granules/CREC-2017-09-07-pt1-PgS5058/summary", "granuleClass": "SENATE"}, {"title": "ADDITIONAL COSPONSORS", "granuleId": "CREC-2017-09-07-pt1-PgS5056-3", "granuleLink": "https://api.govinfo.gov/packages/CREC-2017-09-07/granules/CREC-2017-09-07-pt1-PgS5056-3/summary", "granuleClass": "SENATE"}, {"title": "SUBMISSION OF CONCURRENT AND SENATE RESOLUTIONS", "granuleId": "CREC-2017-09-07-pt1-PgS5056-2", "granuleLink": "https://api.govinfo.gov/packages/CREC-2017-09-07/granules/CREC-2017-09-07-pt1-PgS5056-2/summary", "granuleClass": "SENATE"}, {"title": "INTRODUCTION OF BILLS AND JOINT RESOLUTIONS", "granuleId": "CREC-2017-09-07-pt1-PgS5056", "granuleLink": "https://api.govinfo.gov/packages/CREC-2017-09-07/granules/CREC-2017-09-07-pt1-PgS5056/summary", "granuleClass": "SENATE"}, {"title": "EXECUTIVE REPORTS OF COMMITTEES", "granuleId": "CREC-2017-09-07-pt1-PgS5055-2", "granuleLink": "https://api.govinfo.gov/packages/CREC-2017-09-07/granules/CREC-2017-09-07-pt1-PgS5055-2/summary", "granuleClass": "SENATE"}, {"title": "REPORTS OF COMMITTEES", "granuleId": "CREC-2017-09-07-pt1-PgS5055", "granuleLink": "https://api.govinfo.gov/packages/CREC-2017-09-07/granules/CREC-2017-09-07-pt1-PgS5055/summary", "granuleClass": "SENATE"}, {"title": "EXECUTIVE AND OTHER COMMUNICATIONS", "granuleId": "CREC-2017-09-07-pt1-PgS5053", "granuleLink": "https://api.govinfo.gov/packages/CREC-2017-09-07/granules/CREC-2017-09-07-pt1-PgS5053/summary", "granuleClass": "SENATE"}, {"title": "MEASURES PLACED ON THE CALENDAR", "granuleId": "CREC-2017-09-07-pt1-PgS5052-7", "granuleLink": "https://api.govinfo.gov/packages/CREC-2017-09-07/granules/CREC-2017-09-07-pt1-PgS5052-7/summary", "granuleClass": "SENATE"}, {"title": "MEASURES REFERRED", "granuleId": "CREC-2017-09-07-pt1-PgS5052-6", "granuleLink": "https://api.govinfo.gov/packages/CREC-2017-09-07/granules/CREC-2017-09-07-pt1-PgS5052-6/summary", "granuleClass": "SENATE"}, {"title": "MESSAGE FROM THE HOUSE", "granuleId": "CREC-2017-09-07-pt1-PgS5052-5", "granuleLink": "https://api.govinfo.gov/packages/CREC-2017-09-07/granules/CREC-2017-09-07-pt1-PgS5052-5/summary", "granuleClass": "SENATE"}, {"title": "EXECUTIVE MESSAGES REFERRED", "granuleId": "CREC-2017-09-07-pt1-PgS5052-4", "granuleLink": "https://api.govinfo.gov/packages/CREC-2017-09-07/granules/CREC-2017-09-07-pt1-PgS5052-4/summary", "granuleClass": "SENATE"}, {"title": "MESSAGES FROM THE PRESIDENT", "granuleId": "CREC-2017-09-07-pt1-PgS5052-3", "granuleLink": "https://api.govinfo.gov/packages/CREC-2017-09-07/granules/CREC-2017-09-07-pt1-PgS5052-3/summary", "granuleClass": "SENATE"}, {"title": "30TH ANNIVERSARY OF THE DEPARTMENT OF VETERANS AFFAIRS COMMUNITY BASED OUTPATIENT CLINIC IN CARIBOU, MAINE", "granuleId": "CREC-2017-09-07-pt1-PgS5052-2", "granuleLink": "https://api.govinfo.gov/packages/CREC-2017-09-07/granules/CREC-2017-09-07-pt1-PgS5052-2/summary", "granuleClass": "SENATE"}, {"title": "ADDITIONAL STATEMENTS", "granuleId": "CREC-2017-09-07-pt1-PgS5052", "granuleLink": "https://api.govinfo.gov/packages/CREC-2017-09-07/granules/CREC-2017-09-07-pt1-PgS5052/summary", "granuleClass": "SENATE"}, {"title": "NATIONAL EARTHQUAKE HAZARDS REDUCTION PROGRAM REAUTHORIZATION ACT OF 2017", "granuleId": "CREC-2017-09-07-pt1-PgS5051-2", "granuleLink": "https://api.govinfo.gov/packages/CREC-2017-09-07/granules/CREC-2017-09-07-pt1-PgS5051-2/summary", "granuleClass": "SENATE"}, {"title": "BUDGETARY REVISIONS", "granuleId": "CREC-2017-09-07-pt1-PgS5051", "granuleLink": "https://api.govinfo.gov/packages/CREC-2017-09-07/granules/CREC-2017-09-07-pt1-PgS5051/summary", "granuleClass": "SENATE"}, {"title": "BUDGET SCOREKEEPING REPORT", "granuleId": "CREC-2017-09-07-pt1-PgS5048-5", "granuleLink": "https://api.govinfo.gov/packages/CREC-2017-09-07/granules/CREC-2017-09-07-pt1-PgS5048-5/summary", "granuleClass": "SENATE"}, {"title": "DIASTER RELIEF FUNDING BILL", "granuleId": "CREC-2017-09-07-pt1-PgS5048-4", "granuleLink": "https://api.govinfo.gov/packages/CREC-2017-09-07/granules/CREC-2017-09-07-pt1-PgS5048-4/summary", "granuleClass": "SENATE"}, {"title": "VOTE EXPLANATION", "granuleId": "CREC-2017-09-07-pt1-PgS5048-3", "granuleLink": "https://api.govinfo.gov/packages/CREC-2017-09-07/granules/CREC-2017-09-07-pt1-PgS5048-3/summary", "granuleClass": "SENATE"}, {"title": "MORNING BUSINESS", "granuleId": "CREC-2017-09-07-pt1-PgS5048-2", "granuleLink": "https://api.govinfo.gov/packages/CREC-2017-09-07/granules/CREC-2017-09-07-pt1-PgS5048-2/summary", "granuleClass": "SENATE"}, {"title": "LEGISLATIVE SESSION", "granuleId": "CREC-2017-09-07-pt1-PgS5048", "granuleLink": "https://api.govinfo.gov/packages/CREC-2017-09-07/granules/CREC-2017-09-07-pt1-PgS5048/summary", "granuleClass": "SENATE"}, {"title": "EXECUTIVE CALENDAR (Executive Session)", "granuleId": "CREC-2017-09-07-pt1-PgS5047", "granuleLink": "https://api.govinfo.gov/packages/CREC-2017-09-07/granules/CREC-2017-09-07-pt1-PgS5047/summary", "granuleClass": "SENATE"}, {"title": "STOP ENABLING SEX TRAFFICKERS ACT", "granuleId": "CREC-2017-09-07-pt1-PgS5046", "granuleLink": "https://api.govinfo.gov/packages/CREC-2017-09-07/granules/CREC-2017-09-07-pt1-PgS5046/summary", "granuleClass": "SENATE"}, {"title": "THE NATIONAL DEBT", "granuleId": "CREC-2017-09-07-pt1-PgS5044", "granuleLink": "https://api.govinfo.gov/packages/CREC-2017-09-07/granules/CREC-2017-09-07-pt1-PgS5044/summary", "granuleClass": "SENATE"}, {"title": "DACA", "granuleId": "CREC-2017-09-07-pt1-PgS5043", "granuleLink": "https://api.govinfo.gov/packages/CREC-2017-09-07/granules/CREC-2017-09-07-pt1-PgS5043/summary", "granuleClass": "SENATE"}, {"title": "RELIGIOUS TESTS", "granuleId": "CREC-2017-09-07-pt1-PgS5042", "granuleLink": "https://api.govinfo.gov/packages/CREC-2017-09-07/granules/CREC-2017-09-07-pt1-PgS5042/summary", "granuleClass": "SENATE"}, {"title": "DACA", "granuleId": "CREC-2017-09-07-pt1-PgS5039", "granuleLink": "https://api.govinfo.gov/packages/CREC-2017-09-07/granules/CREC-2017-09-07-pt1-PgS5039/summary", "granuleClass": "SENATE"}, {"title": "WILDFIRES IN WESTERN STATES", "granuleId": "CREC-2017-09-07-pt1-PgS5038-3", "granuleLink": "https://api.govinfo.gov/packages/CREC-2017-09-07/granules/CREC-2017-09-07-pt1-PgS5038-3/summary", "granuleClass": "SENATE"}, {"title": "MORNING BUSINESS", "granuleId": "CREC-2017-09-07-pt1-PgS5038-2", "granuleLink": "https://api.govinfo.gov/packages/CREC-2017-09-07/granules/CREC-2017-09-07-pt1-PgS5038-2/summary", "granuleClass": "SENATE"}, {"title": "NATIONAL DEFENSE AUTHORIZATION ACT FOR FISCAL YEAR 2018--MOTION TO PROCEED", "granuleId": "CREC-2017-09-07-pt1-PgS5038", "granuleLink": "https://api.govinfo.gov/packages/CREC-2017-09-07/granules/CREC-2017-09-07-pt1-PgS5038/summary", "granuleClass": "SENATE"}, {"title": "REINFORCING EDUCATION ACCOUNTABILITY IN DEVELOPMENT ACT", "granuleId": "CREC-2017-09-07-pt1-PgS5031-3", "granuleLink": "https://api.govinfo.gov/packages/CREC-2017-09-07/granules/CREC-2017-09-07-pt1-PgS5031-3/summary", "granuleClass": "SENATE"}, {"title": "CONCLUSION OF MORNING BUSINESS", "granuleId": "CREC-2017-09-07-pt1-PgS5031-2", "granuleLink": "https://api.govinfo.gov/packages/CREC-2017-09-07/granules/CREC-2017-09-07-pt1-PgS5031-2/summary", "granuleClass": "SENATE"}, {"title": "DACA", "granuleId": "CREC-2017-09-07-pt1-PgS5031", "granuleLink": "https://api.govinfo.gov/packages/CREC-2017-09-07/granules/CREC-2017-09-07-pt1-PgS5031/summary", "granuleClass": "SENATE"}, {"title": "FINDING COMMON GROUND", "granuleId": "CREC-2017-09-07-pt1-PgS5030-2", "granuleLink": "https://api.govinfo.gov/packages/CREC-2017-09-07/granules/CREC-2017-09-07-pt1-PgS5030-2/summary", "granuleClass": "SENATE"}, {"title": "EXTENSION OF MORNING BUSINESS", "granuleId": "CREC-2017-09-07-pt1-PgS5030", "granuleLink": "https://api.govinfo.gov/packages/CREC-2017-09-07/granules/CREC-2017-09-07-pt1-PgS5030/summary", "granuleClass": "SENATE"}, {"title": "NORTH KOREA", "granuleId": "CREC-2017-09-07-pt1-PgS5029", "granuleLink": "https://api.govinfo.gov/packages/CREC-2017-09-07/granules/CREC-2017-09-07-pt1-PgS5029/summary", "granuleClass": "SENATE"}, {"title": "HURRICANES HARVEY AND IRMA", "granuleId": "CREC-2017-09-07-pt1-PgS5028", "granuleLink": "https://api.govinfo.gov/packages/CREC-2017-09-07/granules/CREC-2017-09-07-pt1-PgS5028/summary", "granuleClass": "SENATE"}, {"title": "DACA", "granuleId": "CREC-2017-09-07-pt1-PgS5027-2", "granuleLink": "https://api.govinfo.gov/packages/CREC-2017-09-07/granules/CREC-2017-09-07-pt1-PgS5027-2/summary", "granuleClass": "SENATE"}, {"title": "EXTENSION OF MORNING BUSINESS", "granuleId": "CREC-2017-09-07-pt1-PgS5027", "granuleLink": "https://api.govinfo.gov/packages/CREC-2017-09-07/granules/CREC-2017-09-07-pt1-PgS5027/summary", "granuleClass": "SENATE"}, {"title": "DACA", "granuleId": "CREC-2017-09-07-pt1-PgS5026", "granuleLink": "https://api.govinfo.gov/packages/CREC-2017-09-07/granules/CREC-2017-09-07-pt1-PgS5026/summary", "granuleClass": "SENATE"}, {"title": "DREAM ACT AND OTHER WORK BEFORE THE SENATE", "granuleId": "CREC-2017-09-07-pt1-PgS5025-4", "granuleLink": "https://api.govinfo.gov/packages/CREC-2017-09-07/granules/CREC-2017-09-07-pt1-PgS5025-4/summary", "granuleClass": "SENATE"}, {"title": "HURRICANE HARVEY DISASTER RELIEF, THE DEBT CEILING, AND FUNDING THE GOVERNMENT", "granuleId": "CREC-2017-09-07-pt1-PgS5025-3", "granuleLink": "https://api.govinfo.gov/packages/CREC-2017-09-07/granules/CREC-2017-09-07-pt1-PgS5025-3/summary", "granuleClass": "SENATE"}, {"title": "THANKING THE SENATOR FROM FLORIDA", "granuleId": "CREC-2017-09-07-pt1-PgS5025-2", "granuleLink": "https://api.govinfo.gov/packages/CREC-2017-09-07/granules/CREC-2017-09-07-pt1-PgS5025-2/summary", "granuleClass": "SENATE"}, {"title": "RECOGNITION OF THE MINORITY LEADER", "granuleId": "CREC-2017-09-07-pt1-PgS5025", "granuleLink": "https://api.govinfo.gov/packages/CREC-2017-09-07/granules/CREC-2017-09-07-pt1-PgS5025/summary", "granuleClass": "SENATE"}, {"title": "HURRICANE IRMA", "granuleId": "CREC-2017-09-07-pt1-PgS5024-4", "granuleLink": "https://api.govinfo.gov/packages/CREC-2017-09-07/granules/CREC-2017-09-07-pt1-PgS5024-4/summary", "granuleClass": "SENATE"}, {"title": "EXPRESSING THE SENSE OF THE SENATE THAT JOSEPH LEON GEORGE SHOULD BE HONORED FOR HEROISM AT PEARL HARBOR, HAWAII, ON DECEMBER 7, 1941", "granuleId": "CREC-2017-09-07-pt1-PgS5024-3", "granuleLink": "https://api.govinfo.gov/packages/CREC-2017-09-07/granules/CREC-2017-09-07-pt1-PgS5024-3/summary", "granuleClass": "SENATE"}, {"title": "MORNING BUSINESS", "granuleId": "CREC-2017-09-07-pt1-PgS5024-2", "granuleLink": "https://api.govinfo.gov/packages/CREC-2017-09-07/granules/CREC-2017-09-07-pt1-PgS5024-2/summary", "granuleClass": "SENATE"}, {"title": "RESERVATION OF LEADER TIME", "granuleId": "CREC-2017-09-07-pt1-PgS5024", "granuleLink": "https://api.govinfo.gov/packages/CREC-2017-09-07/granules/CREC-2017-09-07-pt1-PgS5024/summary", "granuleClass": "SENATE"}, {"title": "ORDER OF PROCEDURE", "granuleId": "CREC-2017-09-07-pt1-PgS5023-8", "granuleLink": "https://api.govinfo.gov/packages/CREC-2017-09-07/granules/CREC-2017-09-07-pt1-PgS5023-8/summary", "granuleClass": "SENATE"}, {"title": "HURRICANE HARVEY DISASTER RELIEF, FUNDING THE GOVERNMENT, AND PREVENTING A DEFAULT", "granuleId": "CREC-2017-09-07-pt1-PgS5023-7", "granuleLink": "https://api.govinfo.gov/packages/CREC-2017-09-07/granules/CREC-2017-09-07-pt1-PgS5023-7/summary", "granuleClass": "SENATE"}, {"title": "MEASURE PLACED ON THE CALENDAR--S.J. RES. 49", "granuleId": "CREC-2017-09-07-pt1-PgS5023-6", "granuleLink": "https://api.govinfo.gov/packages/CREC-2017-09-07/granules/CREC-2017-09-07-pt1-PgS5023-6/summary", "granuleClass": "SENATE"}, {"title": "RECOGNITION OF THE MAJORITY LEADER", "granuleId": "CREC-2017-09-07-pt1-PgS5023-5", "granuleLink": "https://api.govinfo.gov/packages/CREC-2017-09-07/granules/CREC-2017-09-07-pt1-PgS5023-5/summary", "granuleClass": "SENATE"}, {"title": "APPOINTMENT OF ACTING PRESIDENT PRO TEMPORE", "granuleId": "CREC-2017-09-07-pt1-PgS5023-4", "granuleLink": "https://api.govinfo.gov/packages/CREC-2017-09-07/granules/CREC-2017-09-07-pt1-PgS5023-4/summary", "granuleClass": "SENATE"}, {"title": "PLEDGE OF ALLEGIANCE", "granuleId": "CREC-2017-09-07-pt1-PgS5023-3", "granuleLink": "https://api.govinfo.gov/packages/CREC-2017-09-07/granules/CREC-2017-09-07-pt1-PgS5023-3/summary", "granuleClass": "SENATE"}, {"title": "PRAYER", "granuleId": "CREC-2017-09-07-pt1-PgS5023-2", "granuleLink": "https://api.govinfo.gov/packages/CREC-2017-09-07/granules/CREC-2017-09-07-pt1-PgS5023-2/summary", "granuleClass": "SENATE"}, {"title": "Senate", "granuleId": "CREC-2017-09-07-pt1-PgS5023", "granuleLink": "https://api.govinfo.gov/packages/CREC-2017-09-07/granules/CREC-2017-09-07-pt1-PgS5023/summary", "granuleClass": "SENATE"}, {"title": "CONGRESSIONAL RECORD", "granuleId": "CREC-2017-09-07-pt1-PgS-FrontMatter-4", "granuleLink": "https://api.govinfo.gov/packages/CREC-2017-09-07/granules/CREC-2017-09-07-pt1-PgS-FrontMatter-4/summary", "granuleClass": "SENATE"}, {"title": "ADDITIONAL SPONSORS", "granuleId": "CREC-2017-09-07-pt1-PgH7183-4", "granuleLink": "https://api.govinfo.gov/packages/CREC-2017-09-07/granules/CREC-2017-09-07-pt1-PgH7183-4/summary", "granuleClass": "HOUSE"}, {"title": "Constitutional Authority Statement for H.J. Res. 117", "granuleId": "CREC-2017-09-07-pt1-PgH7183-3", "granuleLink": "https://api.govinfo.gov/packages/CREC-2017-09-07/granules/CREC-2017-09-07-pt1-PgH7183-3/summary", "granuleClass": "HOUSE"}, {"title": "Constitutional Authority Statement for H.R. 3710", "granuleId": "CREC-2017-09-07-pt1-PgH7183-2", "granuleLink": "https://api.govinfo.gov/packages/CREC-2017-09-07/granules/CREC-2017-09-07-pt1-PgH7183-2/summary", "granuleClass": "HOUSE"}, {"title": "Constitutional Authority Statement for H.R. 3709", "granuleId": "CREC-2017-09-07-pt1-PgH7183", "granuleLink": "https://api.govinfo.gov/packages/CREC-2017-09-07/granules/CREC-2017-09-07-pt1-PgH7183/summary", "granuleClass": "HOUSE"}, {"title": "Constitutional Authority Statement for H.R. 3699", "granuleId": "CREC-2017-09-07-pt1-PgH7182-9", "granuleLink": "https://api.govinfo.gov/packages/CREC-2017-09-07/granules/CREC-2017-09-07-pt1-PgH7182-9/summary", "granuleClass": "HOUSE"}, {"title": "Constitutional Authority Statement for H.R. 3698", "granuleId": "CREC-2017-09-07-pt1-PgH7182-8", "granuleLink": "https://api.govinfo.gov/packages/CREC-2017-09-07/granules/CREC-2017-09-07-pt1-PgH7182-8/summary", "granuleClass": "HOUSE"}, {"title": "Constitutional Authority Statement for H.R. 3697", "granuleId": "CREC-2017-09-07-pt1-PgH7182-7", "granuleLink": "https://api.govinfo.gov/packages/CREC-2017-09-07/granules/CREC-2017-09-07-pt1-PgH7182-7/summary", "granuleClass": "HOUSE"}, {"title": "Constitutional Authority Statement for H.R. 3696", "granuleId": "CREC-2017-09-07-pt1-PgH7182-6", "granuleLink": "https://api.govinfo.gov/packages/CREC-2017-09-07/granules/CREC-2017-09-07-pt1-PgH7182-6/summary", "granuleClass": "HOUSE"}, {"title": "Constitutional Authority Statement for H.R. 3695", "granuleId": "CREC-2017-09-07-pt1-PgH7182-5", "granuleLink": "https://api.govinfo.gov/packages/CREC-2017-09-07/granules/CREC-2017-09-07-pt1-PgH7182-5/summary", "granuleClass": "HOUSE"}, {"title": "Constitutional Authority Statement for H.R. 3694", "granuleId": "CREC-2017-09-07-pt1-PgH7182-4", "granuleLink": "https://api.govinfo.gov/packages/CREC-2017-09-07/granules/CREC-2017-09-07-pt1-PgH7182-4/summary", "granuleClass": "HOUSE"}, {"title": "Constitutional Authority Statement for H.R. 3693", "granuleId": "CREC-2017-09-07-pt1-PgH7182-3", "granuleLink": "https://api.govinfo.gov/packages/CREC-2017-09-07/granules/CREC-2017-09-07-pt1-PgH7182-3/summary", "granuleClass": "HOUSE"}, {"title": "Constitutional Authority Statement for H.R. 3692", "granuleId": "CREC-2017-09-07-pt1-PgH7182-2", "granuleLink": "https://api.govinfo.gov/packages/CREC-2017-09-07/granules/CREC-2017-09-07-pt1-PgH7182-2/summary", "granuleClass": "HOUSE"}, {"title": "Constitutional Authority Statement for H.R. 3708", "granuleId": "CREC-2017-09-07-pt1-PgH7182-18", "granuleLink": "https://api.govinfo.gov/packages/CREC-2017-09-07/granules/CREC-2017-09-07-pt1-PgH7182-18/summary", "granuleClass": "HOUSE"}, {"title": "Constitutional Authority Statement for H.R. 3707", "granuleId": "CREC-2017-09-07-pt1-PgH7182-17", "granuleLink": "https://api.govinfo.gov/packages/CREC-2017-09-07/granules/CREC-2017-09-07-pt1-PgH7182-17/summary", "granuleClass": "HOUSE"}, {"title": "Constitutional Authority Statement for H.R. 3706", "granuleId": "CREC-2017-09-07-pt1-PgH7182-16", "granuleLink": "https://api.govinfo.gov/packages/CREC-2017-09-07/granules/CREC-2017-09-07-pt1-PgH7182-16/summary", "granuleClass": "HOUSE"}, {"title": "Constitutional Authority Statement for H.R. 3705", "granuleId": "CREC-2017-09-07-pt1-PgH7182-15", "granuleLink": "https://api.govinfo.gov/packages/CREC-2017-09-07/granules/CREC-2017-09-07-pt1-PgH7182-15/summary", "granuleClass": "HOUSE"}, {"title": "Constitutional Authority Statement for H.R. 3704", "granuleId": "CREC-2017-09-07-pt1-PgH7182-14", "granuleLink": "https://api.govinfo.gov/packages/CREC-2017-09-07/granules/CREC-2017-09-07-pt1-PgH7182-14/summary", "granuleClass": "HOUSE"}, {"title": "Constitutional Authority Statement for H.R. 3703", "granuleId": "CREC-2017-09-07-pt1-PgH7182-13", "granuleLink": "https://api.govinfo.gov/packages/CREC-2017-09-07/granules/CREC-2017-09-07-pt1-PgH7182-13/summary", "granuleClass": "HOUSE"}, {"title": "Constitutional Authority Statement for H.R. 3702", "granuleId": "CREC-2017-09-07-pt1-PgH7182-12", "granuleLink": "https://api.govinfo.gov/packages/CREC-2017-09-07/granules/CREC-2017-09-07-pt1-PgH7182-12/summary", "granuleClass": "HOUSE"}, {"title": "Constitutional Authority Statement for H.R. 3701", "granuleId": "CREC-2017-09-07-pt1-PgH7182-11", "granuleLink": "https://api.govinfo.gov/packages/CREC-2017-09-07/granules/CREC-2017-09-07-pt1-PgH7182-11/summary", "granuleClass": "HOUSE"}, {"title": "Constitutional Authority Statement for H.R. 3700", "granuleId": "CREC-2017-09-07-pt1-PgH7182-10", "granuleLink": "https://api.govinfo.gov/packages/CREC-2017-09-07/granules/CREC-2017-09-07-pt1-PgH7182-10/summary", "granuleClass": "HOUSE"}, {"title": "Constitutional Authority Statement", "granuleId": "CREC-2017-09-07-pt1-PgH7182", "granuleLink": "https://api.govinfo.gov/packages/CREC-2017-09-07/granules/CREC-2017-09-07-pt1-PgH7182/summary", "granuleClass": "HOUSE"}, {"title": "PUBLIC BILLS AND RESOLUTIONS", "granuleId": "CREC-2017-09-07-pt1-PgH7181-2", "granuleLink": "https://api.govinfo.gov/packages/CREC-2017-09-07/granules/CREC-2017-09-07-pt1-PgH7181-2/summary", "granuleClass": "HOUSE"}, {"title": "REPORTS OF COMMITTEES ON PUBLIC BILLS AND RESOLUTIONS", "granuleId": "CREC-2017-09-07-pt1-PgH7181", "granuleLink": "https://api.govinfo.gov/packages/CREC-2017-09-07/granules/CREC-2017-09-07-pt1-PgH7181/summary", "granuleClass": "HOUSE"}]}